collected_at_utc,robot_id,robot_name,db_name,query,search_url,hit_count,status,notes
2026-08-11T13:38:49+00:00,ROBOT-0001,PARO,PUBMED,"(PARO[Title/Abstract]) AND (""social robot""[Title/Abstract] OR ""human-robot interaction""[Title/Abstract] OR pediatric[Title/Abstract] OR child[Title/Abstract] OR clinical[Title/Abstract] OR therapy[Title/Abstract])",https://pubmed.ncbi.nlm.nih.gov/?term=%28PARO%5BTitle/Abstract%5D%29%20AND%20%28%22social%20robot%22%5BTitle/Abstract%5D%20OR%20%22human-robot%20interaction%22%5BTitle/Abstract%5D%20OR%20pediatric%5BTitle/Abstract%5D%20OR%20child%5BTitle/Abstract%5D%20OR%20clinical%5BTitle/Abstract%5D%20OR%20therapy%5BTitle/Abstract%5D%29,,AUTO_FAILED:URLError,
2026-08-11T13:38:49+00:00,ROBOT-0001,PARO,IEEE_XPLORE,"""PARO"" AND (""social robot"" OR ""human-robot interaction"" OR pediatric OR child OR clinical OR therapy)",https://ieeexplore.ieee.org/search/searchresult.jsp?queryText=%22PARO%22%20AND%20%28%22social%20robot%22%20OR%20%22human-robot%20interaction%22%20OR%20pediatric%20OR%20child%20OR%20clinical%20OR%20therapy%29,,MANUAL_PENDING,접근 권한/기관 구독 환경에서 수동 확인 필요
2026-08-11T13:38:49+00:00,ROBOT-0001,PARO,ACM_DL,"""PARO"" AND (""social robot"" OR ""human-robot interaction"" OR pediatric OR child OR clinical OR therapy)",https://dl.acm.org/action/doSearch?AllField=%22PARO%22%20AND%20%28%22social%20robot%22%20OR%20%22human-robot%20interaction%22%20OR%20pediatric%20OR%20child%20OR%20clinical%20OR%20therapy%29,,MANUAL_PENDING,접근 권한/기관 구독 환경에서 수동 확인 필요
2026-08-11T13:38:49+00:00,ROBOT-0001,PARO,SCOPUS,"""PARO"" AND (""social robot"" OR ""human-robot interaction"" OR pediatric OR child OR clinical OR therapy)",https://www.scopus.com/results/results.uri?query=%22PARO%22%20AND%20%28%22social%20robot%22%20OR%20%22human-robot%20interaction%22%20OR%20pediatric%20OR%20child%20OR%20clinical%20OR%20therapy%29,,MANUAL_PENDING,접근 권한/기관 구독 환경에서 수동 확인 필요
2026-08-11T13:38:49+00:00,ROBOT-0002,Abi,PUBMED,"(Abi[Title/Abstract]) AND (""social robot""[Title/Abstract] OR ""human-robot interaction""[Title/Abstract] OR pediatric[Title/Abstract] OR child[Title/Abstract] OR clinical[Title/Abstract] OR therapy[Title/Abstract])",https://pubmed.ncbi.nlm.nih.gov/?term=%28Abi%5BTitle/Abstract%5D%29%20AND%20%28%22social%20robot%22%5BTitle/Abstract%5D%20OR%20%22human-robot%20interaction%22%5BTitle/Abstract%5D%20OR%20pediatric%5BTitle/Abstract%5D%20OR%20child%5BTitle/Abstract%5D%20OR%20clinical%5BTitle/Abstract%5D%20OR%20therapy%5BTitle/Abstract%5D%29,,AUTO_FAILED:URLError,
2026-08-11T13:38:49+00:00,ROBOT-0002,Abi,IEEE_XPLORE,"""Abi"" AND (""social robot"" OR ""human-robot interaction"" OR pediatric OR child OR clinical OR therapy)",https://ieeexplore.ieee.org/search/searchresult.jsp?queryText=%22Abi%22%20AND%20%28%22social%20robot%22%20OR%20%22human-robot%20interaction%22%20OR%20pediatric%20OR%20child%20OR%20clinical%20OR%20therapy%29,,MANUAL_PENDING,접근 권한/기관 구독 환경에서 수동 확인 필요
2026-08-11T13:38:49+00:00,ROBOT-0002,Abi,ACM_DL,"""Abi"" AND (""social robot"" OR ""human-robot interaction"" OR pediatric OR child OR clinical OR therapy)",https://dl.acm.org/action/doSearch?AllField=%22Abi%22%20AND%20%28%22social%20robot%22%20OR%20%22human-robot%20interaction%22%20OR%20pediatric%20OR%20child%20OR%20clinical%20OR%20therapy%29,,MANUAL_PENDING,접근 권한/기관 구독 환경에서 수동 확인 필요
2026-08-11T13:38:49+00:00,ROBOT-0002,Abi,SCOPUS,"""Abi"" AND (""social robot"" OR ""human-robot interaction"" OR pediatric OR child OR clinical OR therapy)",https://www.scopus.com/results/results.uri?query=%22Abi%22%20AND%20%28%22social%20robot%22%20OR%20%22human-robot%20interaction%22%20OR%20pediatric%20OR%20child%20OR%20clinical%20OR%20therapy%29,,MANUAL_PENDING,접근 권한/기관 구독 환경에서 수동 확인 필요
2026-08-11T13:38:49+00:00,ROBOT-0003,Next-Generation Companion Robot,PUBMED,"(Next-Generation Companion Robot[Title/Abstract]) AND (""social robot""[Title/Abstract] OR ""human-robot interaction""[Title/Abstract] OR pediatric[Title/Abstract] OR child[Title/Abstract] OR clinical[Title/Abstract] OR therapy[Title/Abstract])",https://pubmed.ncbi.nlm.nih.gov/?term=%28Next-Generation%20Companion%20Robot%5BTitle/Abstract%5D%29%20AND%20%28%22social%20robot%22%5BTitle/Abstract%5D%20OR%20%22human-robot%20interaction%22%5BTitle/Abstract%5D%20OR%20pediatric%5BTitle/Abstract%5D%20OR%20child%5BTitle/Abstract%5D%20OR%20clinical%5BTitle/Abstract%5D%20OR%20therapy%5BTitle/Abstract%5D%29,,AUTO_FAILED:URLError,
2026-08-11T13:38:49+00:00,ROBOT-0003,Next-Generation Companion Robot,IEEE_XPLORE,"""Next-Generation Companion Robot"" AND (""social robot"" OR ""human-robot interaction"" OR pediatric OR child OR clinical OR therapy)",https://ieeexplore.ieee.org/search/searchresult.jsp?queryText=%22Next-Generation%20Companion%20Robot%22%20AND%20%28%22social%20robot%22%20OR%20%22human-robot%20interaction%22%20OR%20pediatric%20OR%20child%20OR%20clinical%20OR%20therapy%29,,MANUAL_PENDING,접근 권한/기관 구독 환경에서 수동 확인 필요
2026-08-11T13:38:49+00:00,ROBOT-0003,Next-Generation Companion Robot,ACM_DL,"""Next-Generation Companion Robot"" AND (""social robot"" OR ""human-robot interaction"" OR pediatric OR child OR clinical OR therapy)",https://dl.acm.org/action/doSearch?AllField=%22Next-Generation%20Companion%20Robot%22%20AND%20%28%22social%20robot%22%20OR%20%22human-robot%20interaction%22%20OR%20pediatric%20OR%20child%20OR%20clinical%20OR%20therapy%29,,MANUAL_PENDING,접근 권한/기관 구독 환경에서 수동 확인 필요
2026-08-11T13:38:49+00:00,ROBOT-0003,Next-Generation Companion Robot,SCOPUS,"""Next-Generation Companion Robot"" AND (""social robot"" OR ""human-robot interaction"" OR pediatric OR child OR clinical OR therapy)",https://www.scopus.com/results/results.uri?query=%22Next-Generation%20Companion%20Robot%22%20AND%20%28%22social%20robot%22%20OR%20%22human-robot%20interaction%22%20OR%20pediatric%20OR%20child%20OR%20clinical%20OR%20therapy%29,,MANUAL_PENDING,접근 권한/기관 구독 환경에서 수동 확인 필요
2026-08-11T13:38:49+00:00,ROBOT-0004,Moflin,PUBMED,"(Moflin[Title/Abstract]) AND (""social robot""[Title/Abstract] OR ""human-robot interaction""[Title/Abstract] OR pediatric[Title/Abstract] OR child[Title/Abstract] OR clinical[Title/Abstract] OR therapy[Title/Abstract])",https://pubmed.ncbi.nlm.nih.gov/?term=%28Moflin%5BTitle/Abstract%5D%29%20AND%20%28%22social%20robot%22%5BTitle/Abstract%5D%20OR%20%22human-robot%20interaction%22%5BTitle/Abstract%5D%20OR%20pediatric%5BTitle/Abstract%5D%20OR%20child%5BTitle/Abstract%5D%20OR%20clinical%5BTitle/Abstract%5D%20OR%20therapy%5BTitle/Abstract%5D%29,,AUTO_FAILED:URLError,
2026-08-11T13:38:49+00:00,ROBOT-0004,Moflin,IEEE_XPLORE,"""Moflin"" AND (""social robot"" OR ""human-robot interaction"" OR pediatric OR child OR clinical OR therapy)",https://ieeexplore.ieee.org/search/searchresult.jsp?queryText=%22Moflin%22%20AND%20%28%22social%20robot%22%20OR%20%22human-robot%20interaction%22%20OR%20pediatric%20OR%20child%20OR%20clinical%20OR%20therapy%29,,MANUAL_PENDING,접근 권한/기관 구독 환경에서 수동 확인 필요
2026-08-11T13:38:49+00:00,ROBOT-0004,Moflin,ACM_DL,"""Moflin"" AND (""social robot"" OR ""human-robot interaction"" OR pediatric OR child OR clinical OR therapy)",https://dl.acm.org/action/doSearch?AllField=%22Moflin%22%20AND%20%28%22social%20robot%22%20OR%20%22human-robot%20interaction%22%20OR%20pediatric%20OR%20child%20OR%20clinical%20OR%20therapy%29,,MANUAL_PENDING,접근 권한/기관 구독 환경에서 수동 확인 필요
2026-08-11T13:38:49+00:00,ROBOT-0004,Moflin,SCOPUS,"""Moflin"" AND (""social robot"" OR ""human-robot interaction"" OR pediatric OR child OR clinical OR therapy)",https://www.scopus.com/results/results.uri?query=%22Moflin%22%20AND%20%28%22social%20robot%22%20OR%20%22human-robot%20interaction%22%20OR%20pediatric%20OR%20child%20OR%20clinical%20OR%20therapy%29,,MANUAL_PENDING,접근 권한/기관 구독 환경에서 수동 확인 필요
2026-08-11T13:38:49+00:00,ROBOT-0005,LilMilo,PUBMED,"(LilMilo[Title/Abstract]) AND (""social robot""[Title/Abstract] OR ""human-robot interaction""[Title/Abstract] OR pediatric[Title/Abstract] OR child[Title/Abstract] OR clinical[Title/Abstract] OR therapy[Title/Abstract])",https://pubmed.ncbi.nlm.nih.gov/?term=%28LilMilo%5BTitle/Abstract%5D%29%20AND%20%28%22social%20robot%22%5BTitle/Abstract%5D%20OR%20%22human-robot%20interaction%22%5BTitle/Abstract%5D%20OR%20pediatric%5BTitle/Abstract%5D%20OR%20child%5BTitle/Abstract%5D%20OR%20clinical%5BTitle/Abstract%5D%20OR%20therapy%5BTitle/Abstract%5D%29,,AUTO_FAILED:URLError,
2026-08-11T13:38:49+00:00,ROBOT-0005,LilMilo,IEEE_XPLORE,"""LilMilo"" AND (""social robot"" OR ""human-robot interaction"" OR pediatric OR child OR clinical OR therapy)",https://ieeexplore.ieee.org/search/searchresult.jsp?queryText=%22LilMilo%22%20AND%20%28%22social%20robot%22%20OR%20%22human-robot%20interaction%22%20OR%20pediatric%20OR%20child%20OR%20clinical%20OR%20therapy%29,,MANUAL_PENDING,접근 권한/기관 구독 환경에서 수동 확인 필요
2026-08-11T13:38:49+00:00,ROBOT-0005,LilMilo,ACM_DL,"""LilMilo"" AND (""social robot"" OR ""human-robot interaction"" OR pediatric OR child OR clinical OR therapy)",https://dl.acm.org/action/doSearch?AllField=%22LilMilo%22%20AND%20%28%22social%20robot%22%20OR%20%22human-robot%20interaction%22%20OR%20pediatric%20OR%20child%20OR%20clinical%20OR%20therapy%29,,MANUAL_PENDING,접근 권한/기관 구독 환경에서 수동 확인 필요
2026-08-11T13:38:49+00:00,ROBOT-0005,LilMilo,SCOPUS,"""LilMilo"" AND (""social robot"" OR ""human-robot interaction"" OR pediatric OR child OR clinical OR therapy)",https://www.scopus.com/results/results.uri?query=%22LilMilo%22%20AND%20%28%22social%20robot%22%20OR%20%22human-robot%20interaction%22%20OR%20pediatric%20OR%20child%20OR%20clinical%20OR%20therapy%29,,MANUAL_PENDING,접근 권한/기관 구독 환경에서 수동 확인 필요
2026-08-11T13:38:49+00:00,ROBOT-0006,EBO X,PUBMED,"(EBO X[Title/Abstract]) AND (""social robot""[Title/Abstract] OR ""human-robot interaction""[Title/Abstract] OR pediatric[Title/Abstract] OR child[Title/Abstract] OR clinical[Title/Abstract] OR therapy[Title/Abstract])",https://pubmed.ncbi.nlm.nih.gov/?term=%28EBO%20X%5BTitle/Abstract%5D%29%20AND%20%28%22social%20robot%22%5BTitle/Abstract%5D%20OR%20%22human-robot%20interaction%22%5BTitle/Abstract%5D%20OR%20pediatric%5BTitle/Abstract%5D%20OR%20child%5BTitle/Abstract%5D%20OR%20clinical%5BTitle/Abstract%5D%20OR%20therapy%5BTitle/Abstract%5D%29,,AUTO_FAILED:URLError,
2026-08-11T13:38:49+00:00,ROBOT-0006,EBO X,IEEE_XPLORE,"""EBO X"" AND (""social robot"" OR ""human-robot interaction"" OR pediatric OR child OR clinical OR therapy)",https://ieeexplore.ieee.org/search/searchresult.jsp?queryText=%22EBO%20X%22%20AND%20%28%22social%20robot%22%20OR%20%22human-robot%20interaction%22%20OR%20pediatric%20OR%20child%20OR%20clinical%20OR%20therapy%29,,MANUAL_PENDING,접근 권한/기관 구독 환경에서 수동 확인 필요
2026-08-11T13:38:49+00:00,ROBOT-0006,EBO X,ACM_DL,"""EBO X"" AND (""social robot"" OR ""human-robot interaction"" OR pediatric OR child OR clinical OR therapy)",https://dl.acm.org/action/doSearch?AllField=%22EBO%20X%22%20AND%20%28%22social%20robot%22%20OR%20%22human-robot%20interaction%22%20OR%20pediatric%20OR%20child%20OR%20clinical%20OR%20therapy%29,,MANUAL_PENDING,접근 권한/기관 구독 환경에서 수동 확인 필요
2026-08-11T13:38:49+00:00,ROBOT-0006,EBO X,SCOPUS,"""EBO X"" AND (""social robot"" OR ""human-robot interaction"" OR pediatric OR child OR clinical OR therapy)",https://www.scopus.com/results/results.uri?query=%22EBO%20X%22%20AND%20%28%22social%20robot%22%20OR%20%22human-robot%20interaction%22%20OR%20pediatric%20OR%20child%20OR%20clinical%20OR%20therapy%29,,MANUAL_PENDING,접근 권한/기관 구독 환경에서 수동 확인 필요
2026-08-11T13:38:49+00:00,ROBOT-0007,EBO Max FamilyBot,PUBMED,"(EBO Max FamilyBot[Title/Abstract]) AND (""social robot""[Title/Abstract] OR ""human-robot interaction""[Title/Abstract] OR pediatric[Title/Abstract] OR child[Title/Abstract] OR clinical[Title/Abstract] OR therapy[Title/Abstract])",https://pubmed.ncbi.nlm.nih.gov/?term=%28EBO%20Max%20FamilyBot%5BTitle/Abstract%5D%29%20AND%20%28%22social%20robot%22%5BTitle/Abstract%5D%20OR%20%22human-robot%20interaction%22%5BTitle/Abstract%5D%20OR%20pediatric%5BTitle/Abstract%5D%20OR%20child%5BTitle/Abstract%5D%20OR%20clinical%5BTitle/Abstract%5D%20OR%20therapy%5BTitle/Abstract%5D%29,,AUTO_FAILED:URLError,
2026-08-11T13:38:49+00:00,ROBOT-0007,EBO Max FamilyBot,IEEE_XPLORE,"""EBO Max FamilyBot"" AND (""social robot"" OR ""human-robot interaction"" OR pediatric OR child OR clinical OR therapy)",https://ieeexplore.ieee.org/search/searchresult.jsp?queryText=%22EBO%20Max%20FamilyBot%22%20AND%20%28%22social%20robot%22%20OR%20%22human-robot%20interaction%22%20OR%20pediatric%20OR%20child%20OR%20clinical%20OR%20therapy%29,,MANUAL_PENDING,접근 권한/기관 구독 환경에서 수동 확인 필요
2026-08-11T13:38:49+00:00,ROBOT-0007,EBO Max FamilyBot,ACM_DL,"""EBO Max FamilyBot"" AND (""social robot"" OR ""human-robot interaction"" OR pediatric OR child OR clinical OR therapy)",https://dl.acm.org/action/doSearch?AllField=%22EBO%20Max%20FamilyBot%22%20AND%20%28%22social%20robot%22%20OR%20%22human-robot%20interaction%22%20OR%20pediatric%20OR%20child%20OR%20clinical%20OR%20therapy%29,,MANUAL_PENDING,접근 권한/기관 구독 환경에서 수동 확인 필요
2026-08-11T13:38:49+00:00,ROBOT-0007,EBO Max FamilyBot,SCOPUS,"""EBO Max FamilyBot"" AND (""social robot"" OR ""human-robot interaction"" OR pediatric OR child OR clinical OR therapy)",https://www.scopus.com/results/results.uri?query=%22EBO%20Max%20FamilyBot%22%20AND%20%28%22social%20robot%22%20OR%20%22human-robot%20interaction%22%20OR%20pediatric%20OR%20child%20OR%20clinical%20OR%20therapy%29,,MANUAL_PENDING,접근 권한/기관 구독 환경에서 수동 확인 필요
2026-08-11T13:38:49+00:00,ROBOT-0008,EBO Mini Sport FamilyBot,PUBMED,"(EBO Mini Sport FamilyBot[Title/Abstract]) AND (""social robot""[Title/Abstract] OR ""human-robot interaction""[Title/Abstract] OR pediatric[Title/Abstract] OR child[Title/Abstract] OR clinical[Title/Abstract] OR therapy[Title/Abstract])",https://pubmed.ncbi.nlm.nih.gov/?term=%28EBO%20Mini%20Sport%20FamilyBot%5BTitle/Abstract%5D%29%20AND%20%28%22social%20robot%22%5BTitle/Abstract%5D%20OR%20%22human-robot%20interaction%22%5BTitle/Abstract%5D%20OR%20pediatric%5BTitle/Abstract%5D%20OR%20child%5BTitle/Abstract%5D%20OR%20clinical%5BTitle/Abstract%5D%20OR%20therapy%5BTitle/Abstract%5D%29,,AUTO_FAILED:URLError,
2026-08-11T13:38:49+00:00,ROBOT-0008,EBO Mini Sport FamilyBot,IEEE_XPLORE,"""EBO Mini Sport FamilyBot"" AND (""social robot"" OR ""human-robot interaction"" OR pediatric OR child OR clinical OR therapy)",https://ieeexplore.ieee.org/search/searchresult.jsp?queryText=%22EBO%20Mini%20Sport%20FamilyBot%22%20AND%20%28%22social%20robot%22%20OR%20%22human-robot%20interaction%22%20OR%20pediatric%20OR%20child%20OR%20clinical%20OR%20therapy%29,,MANUAL_PENDING,접근 권한/기관 구독 환경에서 수동 확인 필요
2026-08-11T13:38:49+00:00,ROBOT-0008,EBO Mini Sport FamilyBot,ACM_DL,"""EBO Mini Sport FamilyBot"" AND (""social robot"" OR ""human-robot interaction"" OR pediatric OR child OR clinical OR therapy)",https://dl.acm.org/action/doSearch?AllField=%22EBO%20Mini%20Sport%20FamilyBot%22%20AND%20%28%22social%20robot%22%20OR%20%22human-robot%20interaction%22%20OR%20pediatric%20OR%20child%20OR%20clinical%20OR%20therapy%29,,MANUAL_PENDING,접근 권한/기관 구독 환경에서 수동 확인 필요
2026-08-11T13:38:49+00:00,ROBOT-0008,EBO Mini Sport FamilyBot,SCOPUS,"""EBO Mini Sport FamilyBot"" AND (""social robot"" OR ""human-robot interaction"" OR pediatric OR child OR clinical OR therapy)",https://www.scopus.com/results/results.uri?query=%22EBO%20Mini%20Sport%20FamilyBot%22%20AND%20%28%22social%20robot%22%20OR%20%22human-robot%20interaction%22%20OR%20pediatric%20OR%20child%20OR%20clinical%20OR%20therapy%29,,MANUAL_PENDING,접근 권한/기관 구독 환경에서 수동 확인 필요
2026-08-11T13:38:49+00:00,ROBOT-0009,Gogobot D1,PUBMED,"(Gogobot D1[Title/Abstract]) AND (""social robot""[Title/Abstract] OR ""human-robot interaction""[Title/Abstract] OR pediatric[Title/Abstract] OR child[Title/Abstract] OR clinical[Title/Abstract] OR therapy[Title/Abstract])",https://pubmed.ncbi.nlm.nih.gov/?term=%28Gogobot%20D1%5BTitle/Abstract%5D%29%20AND%20%28%22social%20robot%22%5BTitle/Abstract%5D%20OR%20%22human-robot%20interaction%22%5BTitle/Abstract%5D%20OR%20pediatric%5BTitle/Abstract%5D%20OR%20child%5BTitle/Abstract%5D%20OR%20clinical%5BTitle/Abstract%5D%20OR%20therapy%5BTitle/Abstract%5D%29,,AUTO_FAILED:URLError,
2026-08-11T13:38:49+00:00,ROBOT-0009,Gogobot D1,IEEE_XPLORE,"""Gogobot D1"" AND (""social robot"" OR ""human-robot interaction"" OR pediatric OR child OR clinical OR therapy)",https://ieeexplore.ieee.org/search/searchresult.jsp?queryText=%22Gogobot%20D1%22%20AND%20%28%22social%20robot%22%20OR%20%22human-robot%20interaction%22%20OR%20pediatric%20OR%20child%20OR%20clinical%20OR%20therapy%29,,MANUAL_PENDING,접근 권한/기관 구독 환경에서 수동 확인 필요
2026-08-11T13:38:49+00:00,ROBOT-0009,Gogobot D1,ACM_DL,"""Gogobot D1"" AND (""social robot"" OR ""human-robot interaction"" OR pediatric OR child OR clinical OR therapy)",https://dl.acm.org/action/doSearch?AllField=%22Gogobot%20D1%22%20AND%20%28%22social%20robot%22%20OR%20%22human-robot%20interaction%22%20OR%20pediatric%20OR%20child%20OR%20clinical%20OR%20therapy%29,,MANUAL_PENDING,접근 권한/기관 구독 환경에서 수동 확인 필요
2026-08-11T13:38:49+00:00,ROBOT-0009,Gogobot D1,SCOPUS,"""Gogobot D1"" AND (""social robot"" OR ""human-robot interaction"" OR pediatric OR child OR clinical OR therapy)",https://www.scopus.com/results/results.uri?query=%22Gogobot%20D1%22%20AND%20%28%22social%20robot%22%20OR%20%22human-robot%20interaction%22%20OR%20pediatric%20OR%20child%20OR%20clinical%20OR%20therapy%29,,MANUAL_PENDING,접근 권한/기관 구독 환경에서 수동 확인 필요
2026-08-11T13:38:49+00:00,ROBOT-0010,LOVOT,PUBMED,"(LOVOT[Title/Abstract]) AND (""social robot""[Title/Abstract] OR ""human-robot interaction""[Title/Abstract] OR pediatric[Title/Abstract] OR child[Title/Abstract] OR clinical[Title/Abstract] OR therapy[Title/Abstract])",https://pubmed.ncbi.nlm.nih.gov/?term=%28LOVOT%5BTitle/Abstract%5D%29%20AND%20%28%22social%20robot%22%5BTitle/Abstract%5D%20OR%20%22human-robot%20interaction%22%5BTitle/Abstract%5D%20OR%20pediatric%5BTitle/Abstract%5D%20OR%20child%5BTitle/Abstract%5D%20OR%20clinical%5BTitle/Abstract%5D%20OR%20therapy%5BTitle/Abstract%5D%29,,AUTO_FAILED:URLError,
2026-08-11T13:38:49+00:00,ROBOT-0010,LOVOT,IEEE_XPLORE,"""LOVOT"" AND (""social robot"" OR ""human-robot interaction"" OR pediatric OR child OR clinical OR therapy)",https://ieeexplore.ieee.org/search/searchresult.jsp?queryText=%22LOVOT%22%20AND%20%28%22social%20robot%22%20OR%20%22human-robot%20interaction%22%20OR%20pediatric%20OR%20child%20OR%20clinical%20OR%20therapy%29,,MANUAL_PENDING,접근 권한/기관 구독 환경에서 수동 확인 필요
2026-08-11T13:38:49+00:00,ROBOT-0010,LOVOT,ACM_DL,"""LOVOT"" AND (""social robot"" OR ""human-robot interaction"" OR pediatric OR child OR clinical OR therapy)",https://dl.acm.org/action/doSearch?AllField=%22LOVOT%22%20AND%20%28%22social%20robot%22%20OR%20%22human-robot%20interaction%22%20OR%20pediatric%20OR%20child%20OR%20clinical%20OR%20therapy%29,,MANUAL_PENDING,접근 권한/기관 구독 환경에서 수동 확인 필요
2026-08-11T13:38:49+00:00,ROBOT-0010,LOVOT,SCOPUS,"""LOVOT"" AND (""social robot"" OR ""human-robot interaction"" OR pediatric OR child OR clinical OR therapy)",https://www.scopus.com/results/results.uri?query=%22LOVOT%22%20AND%20%28%22social%20robot%22%20OR%20%22human-robot%20interaction%22%20OR%20pediatric%20OR%20child%20OR%20clinical%20OR%20therapy%29,,MANUAL_PENDING,접근 권한/기관 구독 환경에서 수동 확인 필요
2026-08-11T13:38:49+00:00,ROBOT-0011,Joobie,PUBMED,"(Joobie[Title/Abstract]) AND (""social robot""[Title/Abstract] OR ""human-robot interaction""[Title/Abstract] OR pediatric[Title/Abstract] OR child[Title/Abstract] OR clinical[Title/Abstract] OR therapy[Title/Abstract])",https://pubmed.ncbi.nlm.nih.gov/?term=%28Joobie%5BTitle/Abstract%5D%29%20AND%20%28%22social%20robot%22%5BTitle/Abstract%5D%20OR%20%22human-robot%20interaction%22%5BTitle/Abstract%5D%20OR%20pediatric%5BTitle/Abstract%5D%20OR%20child%5BTitle/Abstract%5D%20OR%20clinical%5BTitle/Abstract%5D%20OR%20therapy%5BTitle/Abstract%5D%29,,AUTO_FAILED:URLError,
2026-08-11T13:38:49+00:00,ROBOT-0011,Joobie,IEEE_XPLORE,"""Joobie"" AND (""social robot"" OR ""human-robot interaction"" OR pediatric OR child OR clinical OR therapy)",https://ieeexplore.ieee.org/search/searchresult.jsp?queryText=%22Joobie%22%20AND%20%28%22social%20robot%22%20OR%20%22human-robot%20interaction%22%20OR%20pediatric%20OR%20child%20OR%20clinical%20OR%20therapy%29,,MANUAL_PENDING,접근 권한/기관 구독 환경에서 수동 확인 필요
2026-08-11T13:38:49+00:00,ROBOT-0011,Joobie,ACM_DL,"""Joobie"" AND (""social robot"" OR ""human-robot interaction"" OR pediatric OR child OR clinical OR therapy)",https://dl.acm.org/action/doSearch?AllField=%22Joobie%22%20AND%20%28%22social%20robot%22%20OR%20%22human-robot%20interaction%22%20OR%20pediatric%20OR%20child%20OR%20clinical%20OR%20therapy%29,,MANUAL_PENDING,접근 권한/기관 구독 환경에서 수동 확인 필요
2026-08-11T13:38:49+00:00,ROBOT-0011,Joobie,SCOPUS,"""Joobie"" AND (""social robot"" OR ""human-robot interaction"" OR pediatric OR child OR clinical OR therapy)",https://www.scopus.com/results/results.uri?query=%22Joobie%22%20AND%20%28%22social%20robot%22%20OR%20%22human-robot%20interaction%22%20OR%20pediatric%20OR%20child%20OR%20clinical%20OR%20therapy%29,,MANUAL_PENDING,접근 권한/기관 구독 환경에서 수동 확인 필요
2026-08-11T13:38:49+00:00,ROBOT-0012,Pophie,PUBMED,"(Pophie[Title/Abstract]) AND (""social robot""[Title/Abstract] OR ""human-robot interaction""[Title/Abstract] OR pediatric[Title/Abstract] OR child[Title/Abstract] OR clinical[Title/Abstract] OR therapy[Title/Abstract])",https://pubmed.ncbi.nlm.nih.gov/?term=%28Pophie%5BTitle/Abstract%5D%29%20AND%20%28%22social%20robot%22%5BTitle/Abstract%5D%20OR%20%22human-robot%20interaction%22%5BTitle/Abstract%5D%20OR%20pediatric%5BTitle/Abstract%5D%20OR%20child%5BTitle/Abstract%5D%20OR%20clinical%5BTitle/Abstract%5D%20OR%20therapy%5BTitle/Abstract%5D%29,,AUTO_FAILED:URLError,
2026-08-11T13:38:49+00:00,ROBOT-0012,Pophie,IEEE_XPLORE,"""Pophie"" AND (""social robot"" OR ""human-robot interaction"" OR pediatric OR child OR clinical OR therapy)",https://ieeexplore.ieee.org/search/searchresult.jsp?queryText=%22Pophie%22%20AND%20%28%22social%20robot%22%20OR%20%22human-robot%20interaction%22%20OR%20pediatric%20OR%20child%20OR%20clinical%20OR%20therapy%29,,MANUAL_PENDING,접근 권한/기관 구독 환경에서 수동 확인 필요
2026-08-11T13:38:49+00:00,ROBOT-0012,Pophie,ACM_DL,"""Pophie"" AND (""social robot"" OR ""human-robot interaction"" OR pediatric OR child OR clinical OR therapy)",https://dl.acm.org/action/doSearch?AllField=%22Pophie%22%20AND%20%28%22social%20robot%22%20OR%20%22human-robot%20interaction%22%20OR%20pediatric%20OR%20child%20OR%20clinical%20OR%20therapy%29,,MANUAL_PENDING,접근 권한/기관 구독 환경에서 수동 확인 필요
2026-08-11T13:38:49+00:00,ROBOT-0012,Pophie,SCOPUS,"""Pophie"" AND (""social robot"" OR ""human-robot interaction"" OR pediatric OR child OR clinical OR therapy)",https://www.scopus.com/results/results.uri?query=%22Pophie%22%20AND%20%28%22social%20robot%22%20OR%20%22human-robot%20interaction%22%20OR%20pediatric%20OR%20child%20OR%20clinical%20OR%20therapy%29,,MANUAL_PENDING,접근 권한/기관 구독 환경에서 수동 확인 필요
2026-08-11T13:38:49+00:00,ROBOT-0013,ElliQ 3,PUBMED,"(ElliQ 3[Title/Abstract]) AND (""social robot""[Title/Abstract] OR ""human-robot interaction""[Title/Abstract] OR pediatric[Title/Abstract] OR child[Title/Abstract] OR clinical[Title/Abstract] OR therapy[Title/Abstract])",https://pubmed.ncbi.nlm.nih.gov/?term=%28ElliQ%203%5BTitle/Abstract%5D%29%20AND%20%28%22social%20robot%22%5BTitle/Abstract%5D%20OR%20%22human-robot%20interaction%22%5BTitle/Abstract%5D%20OR%20pediatric%5BTitle/Abstract%5D%20OR%20child%5BTitle/Abstract%5D%20OR%20clinical%5BTitle/Abstract%5D%20OR%20therapy%5BTitle/Abstract%5D%29,,AUTO_FAILED:URLError,
2026-08-11T13:38:49+00:00,ROBOT-0013,ElliQ 3,IEEE_XPLORE,"""ElliQ 3"" AND (""social robot"" OR ""human-robot interaction"" OR pediatric OR child OR clinical OR therapy)",https://ieeexplore.ieee.org/search/searchresult.jsp?queryText=%22ElliQ%203%22%20AND%20%28%22social%20robot%22%20OR%20%22human-robot%20interaction%22%20OR%20pediatric%20OR%20child%20OR%20clinical%20OR%20therapy%29,,MANUAL_PENDING,접근 권한/기관 구독 환경에서 수동 확인 필요
2026-08-11T13:38:49+00:00,ROBOT-0013,ElliQ 3,ACM_DL,"""ElliQ 3"" AND (""social robot"" OR ""human-robot interaction"" OR pediatric OR child OR clinical OR therapy)",https://dl.acm.org/action/doSearch?AllField=%22ElliQ%203%22%20AND%20%28%22social%20robot%22%20OR%20%22human-robot%20interaction%22%20OR%20pediatric%20OR%20child%20OR%20clinical%20OR%20therapy%29,,MANUAL_PENDING,접근 권한/기관 구독 환경에서 수동 확인 필요
2026-08-11T13:38:49+00:00,ROBOT-0013,ElliQ 3,SCOPUS,"""ElliQ 3"" AND (""social robot"" OR ""human-robot interaction"" OR pediatric OR child OR clinical OR therapy)",https://www.scopus.com/results/results.uri?query=%22ElliQ%203%22%20AND%20%28%22social%20robot%22%20OR%20%22human-robot%20interaction%22%20OR%20pediatric%20OR%20child%20OR%20clinical%20OR%20therapy%29,,MANUAL_PENDING,접근 권한/기관 구독 환경에서 수동 확인 필요
2026-08-11T13:38:49+00:00,ROBOT-0014,Loona,PUBMED,"(Loona[Title/Abstract]) AND (""social robot""[Title/Abstract] OR ""human-robot interaction""[Title/Abstract] OR pediatric[Title/Abstract] OR child[Title/Abstract] OR clinical[Title/Abstract] OR therapy[Title/Abstract])",https://pubmed.ncbi.nlm.nih.gov/?term=%28Loona%5BTitle/Abstract%5D%29%20AND%20%28%22social%20robot%22%5BTitle/Abstract%5D%20OR%20%22human-robot%20interaction%22%5BTitle/Abstract%5D%20OR%20pediatric%5BTitle/Abstract%5D%20OR%20child%5BTitle/Abstract%5D%20OR%20clinical%5BTitle/Abstract%5D%20OR%20therapy%5BTitle/Abstract%5D%29,,AUTO_FAILED:URLError,
2026-08-11T13:38:49+00:00,ROBOT-0014,Loona,IEEE_XPLORE,"""Loona"" AND (""social robot"" OR ""human-robot interaction"" OR pediatric OR child OR clinical OR therapy)",https://ieeexplore.ieee.org/search/searchresult.jsp?queryText=%22Loona%22%20AND%20%28%22social%20robot%22%20OR%20%22human-robot%20interaction%22%20OR%20pediatric%20OR%20child%20OR%20clinical%20OR%20therapy%29,,MANUAL_PENDING,접근 권한/기관 구독 환경에서 수동 확인 필요
2026-08-11T13:38:49+00:00,ROBOT-0014,Loona,ACM_DL,"""Loona"" AND (""social robot"" OR ""human-robot interaction"" OR pediatric OR child OR clinical OR therapy)",https://dl.acm.org/action/doSearch?AllField=%22Loona%22%20AND%20%28%22social%20robot%22%20OR%20%22human-robot%20interaction%22%20OR%20pediatric%20OR%20child%20OR%20clinical%20OR%20therapy%29,,MANUAL_PENDING,접근 권한/기관 구독 환경에서 수동 확인 필요
2026-08-11T13:38:49+00:00,ROBOT-0014,Loona,SCOPUS,"""Loona"" AND (""social robot"" OR ""human-robot interaction"" OR pediatric OR child OR clinical OR therapy)",https://www.scopus.com/results/results.uri?query=%22Loona%22%20AND%20%28%22social%20robot%22%20OR%20%22human-robot%20interaction%22%20OR%20pediatric%20OR%20child%20OR%20clinical%20OR%20therapy%29,,MANUAL_PENDING,접근 권한/기관 구독 환경에서 수동 확인 필요
2026-08-11T13:38:49+00:00,ROBOT-0015,Loona DeskMate,PUBMED,"(Loona DeskMate[Title/Abstract]) AND (""social robot""[Title/Abstract] OR ""human-robot interaction""[Title/Abstract] OR pediatric[Title/Abstract] OR child[Title/Abstract] OR clinical[Title/Abstract] OR therapy[Title/Abstract])",https://pubmed.ncbi.nlm.nih.gov/?term=%28Loona%20DeskMate%5BTitle/Abstract%5D%29%20AND%20%28%22social%20robot%22%5BTitle/Abstract%5D%20OR%20%22human-robot%20interaction%22%5BTitle/Abstract%5D%20OR%20pediatric%5BTitle/Abstract%5D%20OR%20child%5BTitle/Abstract%5D%20OR%20clinical%5BTitle/Abstract%5D%20OR%20therapy%5BTitle/Abstract%5D%29,,AUTO_FAILED:URLError,
2026-08-11T13:38:49+00:00,ROBOT-0015,Loona DeskMate,IEEE_XPLORE,"""Loona DeskMate"" AND (""social robot"" OR ""human-robot interaction"" OR pediatric OR child OR clinical OR therapy)",https://ieeexplore.ieee.org/search/searchresult.jsp?queryText=%22Loona%20DeskMate%22%20AND%20%28%22social%20robot%22%20OR%20%22human-robot%20interaction%22%20OR%20pediatric%20OR%20child%20OR%20clinical%20OR%20therapy%29,,MANUAL_PENDING,접근 권한/기관 구독 환경에서 수동 확인 필요
2026-08-11T13:38:49+00:00,ROBOT-0015,Loona DeskMate,ACM_DL,"""Loona DeskMate"" AND (""social robot"" OR ""human-robot interaction"" OR pediatric OR child OR clinical OR therapy)",https://dl.acm.org/action/doSearch?AllField=%22Loona%20DeskMate%22%20AND%20%28%22social%20robot%22%20OR%20%22human-robot%20interaction%22%20OR%20pediatric%20OR%20child%20OR%20clinical%20OR%20therapy%29,,MANUAL_PENDING,접근 권한/기관 구독 환경에서 수동 확인 필요
2026-08-11T13:38:49+00:00,ROBOT-0015,Loona DeskMate,SCOPUS,"""Loona DeskMate"" AND (""social robot"" OR ""human-robot interaction"" OR pediatric OR child OR clinical OR therapy)",https://www.scopus.com/results/results.uri?query=%22Loona%20DeskMate%22%20AND%20%28%22social%20robot%22%20OR%20%22human-robot%20interaction%22%20OR%20pediatric%20OR%20child%20OR%20clinical%20OR%20therapy%29,,MANUAL_PENDING,접근 권한/기관 구독 환경에서 수동 확인 필요
2026-08-11T13:38:49+00:00,ROBOT-0016,Ami,PUBMED,"(Ami[Title/Abstract]) AND (""social robot""[Title/Abstract] OR ""human-robot interaction""[Title/Abstract] OR pediatric[Title/Abstract] OR child[Title/Abstract] OR clinical[Title/Abstract] OR therapy[Title/Abstract])",https://pubmed.ncbi.nlm.nih.gov/?term=%28Ami%5BTitle/Abstract%5D%29%20AND%20%28%22social%20robot%22%5BTitle/Abstract%5D%20OR%20%22human-robot%20interaction%22%5BTitle/Abstract%5D%20OR%20pediatric%5BTitle/Abstract%5D%20OR%20child%5BTitle/Abstract%5D%20OR%20clinical%5BTitle/Abstract%5D%20OR%20therapy%5BTitle/Abstract%5D%29,,AUTO_FAILED:URLError,
2026-08-11T13:38:49+00:00,ROBOT-0016,Ami,IEEE_XPLORE,"""Ami"" AND (""social robot"" OR ""human-robot interaction"" OR pediatric OR child OR clinical OR therapy)",https://ieeexplore.ieee.org/search/searchresult.jsp?queryText=%22Ami%22%20AND%20%28%22social%20robot%22%20OR%20%22human-robot%20interaction%22%20OR%20pediatric%20OR%20child%20OR%20clinical%20OR%20therapy%29,,MANUAL_PENDING,접근 권한/기관 구독 환경에서 수동 확인 필요
2026-08-11T13:38:49+00:00,ROBOT-0016,Ami,ACM_DL,"""Ami"" AND (""social robot"" OR ""human-robot interaction"" OR pediatric OR child OR clinical OR therapy)",https://dl.acm.org/action/doSearch?AllField=%22Ami%22%20AND%20%28%22social%20robot%22%20OR%20%22human-robot%20interaction%22%20OR%20pediatric%20OR%20child%20OR%20clinical%20OR%20therapy%29,,MANUAL_PENDING,접근 권한/기관 구독 환경에서 수동 확인 필요
2026-08-11T13:38:49+00:00,ROBOT-0016,Ami,SCOPUS,"""Ami"" AND (""social robot"" OR ""human-robot interaction"" OR pediatric OR child OR clinical OR therapy)",https://www.scopus.com/results/results.uri?query=%22Ami%22%20AND%20%28%22social%20robot%22%20OR%20%22human-robot%20interaction%22%20OR%20pediatric%20OR%20child%20OR%20clinical%20OR%20therapy%29,,MANUAL_PENDING,접근 권한/기관 구독 환경에서 수동 확인 필요
2026-08-11T13:38:49+00:00,ROBOT-0017,Cocomo,PUBMED,"(Cocomo[Title/Abstract]) AND (""social robot""[Title/Abstract] OR ""human-robot interaction""[Title/Abstract] OR pediatric[Title/Abstract] OR child[Title/Abstract] OR clinical[Title/Abstract] OR therapy[Title/Abstract])",https://pubmed.ncbi.nlm.nih.gov/?term=%28Cocomo%5BTitle/Abstract%5D%29%20AND%20%28%22social%20robot%22%5BTitle/Abstract%5D%20OR%20%22human-robot%20interaction%22%5BTitle/Abstract%5D%20OR%20pediatric%5BTitle/Abstract%5D%20OR%20child%5BTitle/Abstract%5D%20OR%20clinical%5BTitle/Abstract%5D%20OR%20therapy%5BTitle/Abstract%5D%29,,AUTO_FAILED:URLError,
2026-08-11T13:38:49+00:00,ROBOT-0017,Cocomo,IEEE_XPLORE,"""Cocomo"" AND (""social robot"" OR ""human-robot interaction"" OR pediatric OR child OR clinical OR therapy)",https://ieeexplore.ieee.org/search/searchresult.jsp?queryText=%22Cocomo%22%20AND%20%28%22social%20robot%22%20OR%20%22human-robot%20interaction%22%20OR%20pediatric%20OR%20child%20OR%20clinical%20OR%20therapy%29,,MANUAL_PENDING,접근 권한/기관 구독 환경에서 수동 확인 필요
2026-08-11T13:38:49+00:00,ROBOT-0017,Cocomo,ACM_DL,"""Cocomo"" AND (""social robot"" OR ""human-robot interaction"" OR pediatric OR child OR clinical OR therapy)",https://dl.acm.org/action/doSearch?AllField=%22Cocomo%22%20AND%20%28%22social%20robot%22%20OR%20%22human-robot%20interaction%22%20OR%20pediatric%20OR%20child%20OR%20clinical%20OR%20therapy%29,,MANUAL_PENDING,접근 권한/기관 구독 환경에서 수동 확인 필요
2026-08-11T13:38:49+00:00,ROBOT-0017,Cocomo,SCOPUS,"""Cocomo"" AND (""social robot"" OR ""human-robot interaction"" OR pediatric OR child OR clinical OR therapy)",https://www.scopus.com/results/results.uri?query=%22Cocomo%22%20AND%20%28%22social%20robot%22%20OR%20%22human-robot%20interaction%22%20OR%20pediatric%20OR%20child%20OR%20clinical%20OR%20therapy%29,,MANUAL_PENDING,접근 권한/기관 구독 환경에서 수동 확인 필요
2026-08-11T13:38:49+00:00,ROBOT-0018,INU,PUBMED,"(INU[Title/Abstract]) AND (""social robot""[Title/Abstract] OR ""human-robot interaction""[Title/Abstract] OR pediatric[Title/Abstract] OR child[Title/Abstract] OR clinical[Title/Abstract] OR therapy[Title/Abstract])",https://pubmed.ncbi.nlm.nih.gov/?term=%28INU%5BTitle/Abstract%5D%29%20AND%20%28%22social%20robot%22%5BTitle/Abstract%5D%20OR%20%22human-robot%20interaction%22%5BTitle/Abstract%5D%20OR%20pediatric%5BTitle/Abstract%5D%20OR%20child%5BTitle/Abstract%5D%20OR%20clinical%5BTitle/Abstract%5D%20OR%20therapy%5BTitle/Abstract%5D%29,,AUTO_FAILED:URLError,
2026-08-11T13:38:49+00:00,ROBOT-0018,INU,IEEE_XPLORE,"""INU"" AND (""social robot"" OR ""human-robot interaction"" OR pediatric OR child OR clinical OR therapy)",https://ieeexplore.ieee.org/search/searchresult.jsp?queryText=%22INU%22%20AND%20%28%22social%20robot%22%20OR%20%22human-robot%20interaction%22%20OR%20pediatric%20OR%20child%20OR%20clinical%20OR%20therapy%29,,MANUAL_PENDING,접근 권한/기관 구독 환경에서 수동 확인 필요
2026-08-11T13:38:49+00:00,ROBOT-0018,INU,ACM_DL,"""INU"" AND (""social robot"" OR ""human-robot interaction"" OR pediatric OR child OR clinical OR therapy)",https://dl.acm.org/action/doSearch?AllField=%22INU%22%20AND%20%28%22social%20robot%22%20OR%20%22human-robot%20interaction%22%20OR%20pediatric%20OR%20child%20OR%20clinical%20OR%20therapy%29,,MANUAL_PENDING,접근 권한/기관 구독 환경에서 수동 확인 필요
2026-08-11T13:38:49+00:00,ROBOT-0018,INU,SCOPUS,"""INU"" AND (""social robot"" OR ""human-robot interaction"" OR pediatric OR child OR clinical OR therapy)",https://www.scopus.com/results/results.uri?query=%22INU%22%20AND%20%28%22social%20robot%22%20OR%20%22human-robot%20interaction%22%20OR%20pediatric%20OR%20child%20OR%20clinical%20OR%20therapy%29,,MANUAL_PENDING,접근 권한/기관 구독 환경에서 수동 확인 필요
2026-08-11T13:38:49+00:00,ROBOT-0019,RUMI,PUBMED,"(RUMI[Title/Abstract]) AND (""social robot""[Title/Abstract] OR ""human-robot interaction""[Title/Abstract] OR pediatric[Title/Abstract] OR child[Title/Abstract] OR clinical[Title/Abstract] OR therapy[Title/Abstract])",https://pubmed.ncbi.nlm.nih.gov/?term=%28RUMI%5BTitle/Abstract%5D%29%20AND%20%28%22social%20robot%22%5BTitle/Abstract%5D%20OR%20%22human-robot%20interaction%22%5BTitle/Abstract%5D%20OR%20pediatric%5BTitle/Abstract%5D%20OR%20child%5BTitle/Abstract%5D%20OR%20clinical%5BTitle/Abstract%5D%20OR%20therapy%5BTitle/Abstract%5D%29,,AUTO_FAILED:URLError,
2026-08-11T13:38:49+00:00,ROBOT-0019,RUMI,IEEE_XPLORE,"""RUMI"" AND (""social robot"" OR ""human-robot interaction"" OR pediatric OR child OR clinical OR therapy)",https://ieeexplore.ieee.org/search/searchresult.jsp?queryText=%22RUMI%22%20AND%20%28%22social%20robot%22%20OR%20%22human-robot%20interaction%22%20OR%20pediatric%20OR%20child%20OR%20clinical%20OR%20therapy%29,,MANUAL_PENDING,접근 권한/기관 구독 환경에서 수동 확인 필요
2026-08-11T13:38:49+00:00,ROBOT-0019,RUMI,ACM_DL,"""RUMI"" AND (""social robot"" OR ""human-robot interaction"" OR pediatric OR child OR clinical OR therapy)",https://dl.acm.org/action/doSearch?AllField=%22RUMI%22%20AND%20%28%22social%20robot%22%20OR%20%22human-robot%20interaction%22%20OR%20pediatric%20OR%20child%20OR%20clinical%20OR%20therapy%29,,MANUAL_PENDING,접근 권한/기관 구독 환경에서 수동 확인 필요
2026-08-11T13:38:49+00:00,ROBOT-0019,RUMI,SCOPUS,"""RUMI"" AND (""social robot"" OR ""human-robot interaction"" OR pediatric OR child OR clinical OR therapy)",https://www.scopus.com/results/results.uri?query=%22RUMI%22%20AND%20%28%22social%20robot%22%20OR%20%22human-robot%20interaction%22%20OR%20pediatric%20OR%20child%20OR%20clinical%20OR%20therapy%29,,MANUAL_PENDING,접근 권한/기관 구독 환경에서 수동 확인 필요
2026-08-11T13:38:49+00:00,ROBOT-0020,StackChan,PUBMED,"(StackChan[Title/Abstract]) AND (""social robot""[Title/Abstract] OR ""human-robot interaction""[Title/Abstract] OR pediatric[Title/Abstract] OR child[Title/Abstract] OR clinical[Title/Abstract] OR therapy[Title/Abstract])",https://pubmed.ncbi.nlm.nih.gov/?term=%28StackChan%5BTitle/Abstract%5D%29%20AND%20%28%22social%20robot%22%5BTitle/Abstract%5D%20OR%20%22human-robot%20interaction%22%5BTitle/Abstract%5D%20OR%20pediatric%5BTitle/Abstract%5D%20OR%20child%5BTitle/Abstract%5D%20OR%20clinical%5BTitle/Abstract%5D%20OR%20therapy%5BTitle/Abstract%5D%29,,AUTO_FAILED:URLError,
2026-08-11T13:38:49+00:00,ROBOT-0020,StackChan,IEEE_XPLORE,"""StackChan"" AND (""social robot"" OR ""human-robot interaction"" OR pediatric OR child OR clinical OR therapy)",https://ieeexplore.ieee.org/search/searchresult.jsp?queryText=%22StackChan%22%20AND%20%28%22social%20robot%22%20OR%20%22human-robot%20interaction%22%20OR%20pediatric%20OR%20child%20OR%20clinical%20OR%20therapy%29,,MANUAL_PENDING,접근 권한/기관 구독 환경에서 수동 확인 필요
2026-08-11T13:38:49+00:00,ROBOT-0020,StackChan,ACM_DL,"""StackChan"" AND (""social robot"" OR ""human-robot interaction"" OR pediatric OR child OR clinical OR therapy)",https://dl.acm.org/action/doSearch?AllField=%22StackChan%22%20AND%20%28%22social%20robot%22%20OR%20%22human-robot%20interaction%22%20OR%20pediatric%20OR%20child%20OR%20clinical%20OR%20therapy%29,,MANUAL_PENDING,접근 권한/기관 구독 환경에서 수동 확인 필요
2026-08-11T13:38:49+00:00,ROBOT-0020,StackChan,SCOPUS,"""StackChan"" AND (""social robot"" OR ""human-robot interaction"" OR pediatric OR child OR clinical OR therapy)",https://www.scopus.com/results/results.uri?query=%22StackChan%22%20AND%20%28%22social%20robot%22%20OR%20%22human-robot%20interaction%22%20OR%20pediatric%20OR%20child%20OR%20clinical%20OR%20therapy%29,,MANUAL_PENDING,접근 권한/기관 구독 환경에서 수동 확인 필요
2026-08-11T13:38:49+00:00,ROBOT-0021,MagicDog,PUBMED,"(MagicDog[Title/Abstract]) AND (""social robot""[Title/Abstract] OR ""human-robot interaction""[Title/Abstract] OR pediatric[Title/Abstract] OR child[Title/Abstract] OR clinical[Title/Abstract] OR therapy[Title/Abstract])",https://pubmed.ncbi.nlm.nih.gov/?term=%28MagicDog%5BTitle/Abstract%5D%29%20AND%20%28%22social%20robot%22%5BTitle/Abstract%5D%20OR%20%22human-robot%20interaction%22%5BTitle/Abstract%5D%20OR%20pediatric%5BTitle/Abstract%5D%20OR%20child%5BTitle/Abstract%5D%20OR%20clinical%5BTitle/Abstract%5D%20OR%20therapy%5BTitle/Abstract%5D%29,,AUTO_FAILED:URLError,
2026-08-11T13:38:49+00:00,ROBOT-0021,MagicDog,IEEE_XPLORE,"""MagicDog"" AND (""social robot"" OR ""human-robot interaction"" OR pediatric OR child OR clinical OR therapy)",https://ieeexplore.ieee.org/search/searchresult.jsp?queryText=%22MagicDog%22%20AND%20%28%22social%20robot%22%20OR%20%22human-robot%20interaction%22%20OR%20pediatric%20OR%20child%20OR%20clinical%20OR%20therapy%29,,MANUAL_PENDING,접근 권한/기관 구독 환경에서 수동 확인 필요
2026-08-11T13:38:49+00:00,ROBOT-0021,MagicDog,ACM_DL,"""MagicDog"" AND (""social robot"" OR ""human-robot interaction"" OR pediatric OR child OR clinical OR therapy)",https://dl.acm.org/action/doSearch?AllField=%22MagicDog%22%20AND%20%28%22social%20robot%22%20OR%20%22human-robot%20interaction%22%20OR%20pediatric%20OR%20child%20OR%20clinical%20OR%20therapy%29,,MANUAL_PENDING,접근 권한/기관 구독 환경에서 수동 확인 필요
2026-08-11T13:38:49+00:00,ROBOT-0021,MagicDog,SCOPUS,"""MagicDog"" AND (""social robot"" OR ""human-robot interaction"" OR pediatric OR child OR clinical OR therapy)",https://www.scopus.com/results/results.uri?query=%22MagicDog%22%20AND%20%28%22social%20robot%22%20OR%20%22human-robot%20interaction%22%20OR%20pediatric%20OR%20child%20OR%20clinical%20OR%20therapy%29,,MANUAL_PENDING,접근 권한/기관 구독 환경에서 수동 확인 필요
2026-08-11T13:38:49+00:00,ROBOT-0022,An'An Panda,PUBMED,"(An'An Panda[Title/Abstract]) AND (""social robot""[Title/Abstract] OR ""human-robot interaction""[Title/Abstract] OR pediatric[Title/Abstract] OR child[Title/Abstract] OR clinical[Title/Abstract] OR therapy[Title/Abstract])",https://pubmed.ncbi.nlm.nih.gov/?term=%28An%27An%20Panda%5BTitle/Abstract%5D%29%20AND%20%28%22social%20robot%22%5BTitle/Abstract%5D%20OR%20%22human-robot%20interaction%22%5BTitle/Abstract%5D%20OR%20pediatric%5BTitle/Abstract%5D%20OR%20child%5BTitle/Abstract%5D%20OR%20clinical%5BTitle/Abstract%5D%20OR%20therapy%5BTitle/Abstract%5D%29,,AUTO_FAILED:URLError,
2026-08-11T13:38:49+00:00,ROBOT-0022,An'An Panda,IEEE_XPLORE,"""An'An Panda"" AND (""social robot"" OR ""human-robot interaction"" OR pediatric OR child OR clinical OR therapy)",https://ieeexplore.ieee.org/search/searchresult.jsp?queryText=%22An%27An%20Panda%22%20AND%20%28%22social%20robot%22%20OR%20%22human-robot%20interaction%22%20OR%20pediatric%20OR%20child%20OR%20clinical%20OR%20therapy%29,,MANUAL_PENDING,접근 권한/기관 구독 환경에서 수동 확인 필요
2026-08-11T13:38:49+00:00,ROBOT-0022,An'An Panda,ACM_DL,"""An'An Panda"" AND (""social robot"" OR ""human-robot interaction"" OR pediatric OR child OR clinical OR therapy)",https://dl.acm.org/action/doSearch?AllField=%22An%27An%20Panda%22%20AND%20%28%22social%20robot%22%20OR%20%22human-robot%20interaction%22%20OR%20pediatric%20OR%20child%20OR%20clinical%20OR%20therapy%29,,MANUAL_PENDING,접근 권한/기관 구독 환경에서 수동 확인 필요
2026-08-11T13:38:49+00:00,ROBOT-0022,An'An Panda,SCOPUS,"""An'An Panda"" AND (""social robot"" OR ""human-robot interaction"" OR pediatric OR child OR clinical OR therapy)",https://www.scopus.com/results/results.uri?query=%22An%27An%20Panda%22%20AND%20%28%22social%20robot%22%20OR%20%22human-robot%20interaction%22%20OR%20pediatric%20OR%20child%20OR%20clinical%20OR%20therapy%29,,MANUAL_PENDING,접근 권한/기관 구독 환경에서 수동 확인 필요
2026-08-11T13:38:49+00:00,ROBOT-0023,Kuri,PUBMED,"(Kuri[Title/Abstract]) AND (""social robot""[Title/Abstract] OR ""human-robot interaction""[Title/Abstract] OR pediatric[Title/Abstract] OR child[Title/Abstract] OR clinical[Title/Abstract] OR therapy[Title/Abstract])",https://pubmed.ncbi.nlm.nih.gov/?term=%28Kuri%5BTitle/Abstract%5D%29%20AND%20%28%22social%20robot%22%5BTitle/Abstract%5D%20OR%20%22human-robot%20interaction%22%5BTitle/Abstract%5D%20OR%20pediatric%5BTitle/Abstract%5D%20OR%20child%5BTitle/Abstract%5D%20OR%20clinical%5BTitle/Abstract%5D%20OR%20therapy%5BTitle/Abstract%5D%29,,AUTO_FAILED:URLError,
2026-08-11T13:38:49+00:00,ROBOT-0023,Kuri,IEEE_XPLORE,"""Kuri"" AND (""social robot"" OR ""human-robot interaction"" OR pediatric OR child OR clinical OR therapy)",https://ieeexplore.ieee.org/search/searchresult.jsp?queryText=%22Kuri%22%20AND%20%28%22social%20robot%22%20OR%20%22human-robot%20interaction%22%20OR%20pediatric%20OR%20child%20OR%20clinical%20OR%20therapy%29,,MANUAL_PENDING,접근 권한/기관 구독 환경에서 수동 확인 필요
2026-08-11T13:38:49+00:00,ROBOT-0023,Kuri,ACM_DL,"""Kuri"" AND (""social robot"" OR ""human-robot interaction"" OR pediatric OR child OR clinical OR therapy)",https://dl.acm.org/action/doSearch?AllField=%22Kuri%22%20AND%20%28%22social%20robot%22%20OR%20%22human-robot%20interaction%22%20OR%20pediatric%20OR%20child%20OR%20clinical%20OR%20therapy%29,,MANUAL_PENDING,접근 권한/기관 구독 환경에서 수동 확인 필요
2026-08-11T13:38:49+00:00,ROBOT-0023,Kuri,SCOPUS,"""Kuri"" AND (""social robot"" OR ""human-robot interaction"" OR pediatric OR child OR clinical OR therapy)",https://www.scopus.com/results/results.uri?query=%22Kuri%22%20AND%20%28%22social%20robot%22%20OR%20%22human-robot%20interaction%22%20OR%20pediatric%20OR%20child%20OR%20clinical%20OR%20therapy%29,,MANUAL_PENDING,접근 권한/기관 구독 환경에서 수동 확인 필요
2026-08-11T13:38:49+00:00,ROBOT-0024,Miko 3,PUBMED,"(Miko 3[Title/Abstract]) AND (""social robot""[Title/Abstract] OR ""human-robot interaction""[Title/Abstract] OR pediatric[Title/Abstract] OR child[Title/Abstract] OR clinical[Title/Abstract] OR therapy[Title/Abstract])",https://pubmed.ncbi.nlm.nih.gov/?term=%28Miko%203%5BTitle/Abstract%5D%29%20AND%20%28%22social%20robot%22%5BTitle/Abstract%5D%20OR%20%22human-robot%20interaction%22%5BTitle/Abstract%5D%20OR%20pediatric%5BTitle/Abstract%5D%20OR%20child%5BTitle/Abstract%5D%20OR%20clinical%5BTitle/Abstract%5D%20OR%20therapy%5BTitle/Abstract%5D%29,,AUTO_FAILED:URLError,
2026-08-11T13:38:49+00:00,ROBOT-0024,Miko 3,IEEE_XPLORE,"""Miko 3"" AND (""social robot"" OR ""human-robot interaction"" OR pediatric OR child OR clinical OR therapy)",https://ieeexplore.ieee.org/search/searchresult.jsp?queryText=%22Miko%203%22%20AND%20%28%22social%20robot%22%20OR%20%22human-robot%20interaction%22%20OR%20pediatric%20OR%20child%20OR%20clinical%20OR%20therapy%29,,MANUAL_PENDING,접근 권한/기관 구독 환경에서 수동 확인 필요
2026-08-11T13:38:49+00:00,ROBOT-0024,Miko 3,ACM_DL,"""Miko 3"" AND (""social robot"" OR ""human-robot interaction"" OR pediatric OR child OR clinical OR therapy)",https://dl.acm.org/action/doSearch?AllField=%22Miko%203%22%20AND%20%28%22social%20robot%22%20OR%20%22human-robot%20interaction%22%20OR%20pediatric%20OR%20child%20OR%20clinical%20OR%20therapy%29,,MANUAL_PENDING,접근 권한/기관 구독 환경에서 수동 확인 필요
2026-08-11T13:38:49+00:00,ROBOT-0024,Miko 3,SCOPUS,"""Miko 3"" AND (""social robot"" OR ""human-robot interaction"" OR pediatric OR child OR clinical OR therapy)",https://www.scopus.com/results/results.uri?query=%22Miko%203%22%20AND%20%28%22social%20robot%22%20OR%20%22human-robot%20interaction%22%20OR%20pediatric%20OR%20child%20OR%20clinical%20OR%20therapy%29,,MANUAL_PENDING,접근 권한/기관 구독 환경에서 수동 확인 필요
2026-08-11T13:38:49+00:00,ROBOT-0025,Miko Mini,PUBMED,"(Miko Mini[Title/Abstract]) AND (""social robot""[Title/Abstract] OR ""human-robot interaction""[Title/Abstract] OR pediatric[Title/Abstract] OR child[Title/Abstract] OR clinical[Title/Abstract] OR therapy[Title/Abstract])",https://pubmed.ncbi.nlm.nih.gov/?term=%28Miko%20Mini%5BTitle/Abstract%5D%29%20AND%20%28%22social%20robot%22%5BTitle/Abstract%5D%20OR%20%22human-robot%20interaction%22%5BTitle/Abstract%5D%20OR%20pediatric%5BTitle/Abstract%5D%20OR%20child%5BTitle/Abstract%5D%20OR%20clinical%5BTitle/Abstract%5D%20OR%20therapy%5BTitle/Abstract%5D%29,,AUTO_FAILED:URLError,
2026-08-11T13:38:49+00:00,ROBOT-0025,Miko Mini,IEEE_XPLORE,"""Miko Mini"" AND (""social robot"" OR ""human-robot interaction"" OR pediatric OR child OR clinical OR therapy)",https://ieeexplore.ieee.org/search/searchresult.jsp?queryText=%22Miko%20Mini%22%20AND%20%28%22social%20robot%22%20OR%20%22human-robot%20interaction%22%20OR%20pediatric%20OR%20child%20OR%20clinical%20OR%20therapy%29,,MANUAL_PENDING,접근 권한/기관 구독 환경에서 수동 확인 필요
2026-08-11T13:38:49+00:00,ROBOT-0025,Miko Mini,ACM_DL,"""Miko Mini"" AND (""social robot"" OR ""human-robot interaction"" OR pediatric OR child OR clinical OR therapy)",https://dl.acm.org/action/doSearch?AllField=%22Miko%20Mini%22%20AND%20%28%22social%20robot%22%20OR%20%22human-robot%20interaction%22%20OR%20pediatric%20OR%20child%20OR%20clinical%20OR%20therapy%29,,MANUAL_PENDING,접근 권한/기관 구독 환경에서 수동 확인 필요
2026-08-11T13:38:49+00:00,ROBOT-0025,Miko Mini,SCOPUS,"""Miko Mini"" AND (""social robot"" OR ""human-robot interaction"" OR pediatric OR child OR clinical OR therapy)",https://www.scopus.com/results/results.uri?query=%22Miko%20Mini%22%20AND%20%28%22social%20robot%22%20OR%20%22human-robot%20interaction%22%20OR%20pediatric%20OR%20child%20OR%20clinical%20OR%20therapy%29,,MANUAL_PENDING,접근 권한/기관 구독 환경에서 수동 확인 필요
2026-08-11T13:38:49+00:00,ROBOT-0026,Romi Lacatan,PUBMED,"(Romi Lacatan[Title/Abstract]) AND (""social robot""[Title/Abstract] OR ""human-robot interaction""[Title/Abstract] OR pediatric[Title/Abstract] OR child[Title/Abstract] OR clinical[Title/Abstract] OR therapy[Title/Abstract])",https://pubmed.ncbi.nlm.nih.gov/?term=%28Romi%20Lacatan%5BTitle/Abstract%5D%29%20AND%20%28%22social%20robot%22%5BTitle/Abstract%5D%20OR%20%22human-robot%20interaction%22%5BTitle/Abstract%5D%20OR%20pediatric%5BTitle/Abstract%5D%20OR%20child%5BTitle/Abstract%5D%20OR%20clinical%5BTitle/Abstract%5D%20OR%20therapy%5BTitle/Abstract%5D%29,,AUTO_FAILED:URLError,
2026-08-11T13:38:49+00:00,ROBOT-0026,Romi Lacatan,IEEE_XPLORE,"""Romi Lacatan"" AND (""social robot"" OR ""human-robot interaction"" OR pediatric OR child OR clinical OR therapy)",https://ieeexplore.ieee.org/search/searchresult.jsp?queryText=%22Romi%20Lacatan%22%20AND%20%28%22social%20robot%22%20OR%20%22human-robot%20interaction%22%20OR%20pediatric%20OR%20child%20OR%20clinical%20OR%20therapy%29,,MANUAL_PENDING,접근 권한/기관 구독 환경에서 수동 확인 필요
2026-08-11T13:38:49+00:00,ROBOT-0026,Romi Lacatan,ACM_DL,"""Romi Lacatan"" AND (""social robot"" OR ""human-robot interaction"" OR pediatric OR child OR clinical OR therapy)",https://dl.acm.org/action/doSearch?AllField=%22Romi%20Lacatan%22%20AND%20%28%22social%20robot%22%20OR%20%22human-robot%20interaction%22%20OR%20pediatric%20OR%20child%20OR%20clinical%20OR%20therapy%29,,MANUAL_PENDING,접근 권한/기관 구독 환경에서 수동 확인 필요
2026-08-11T13:38:49+00:00,ROBOT-0026,Romi Lacatan,SCOPUS,"""Romi Lacatan"" AND (""social robot"" OR ""human-robot interaction"" OR pediatric OR child OR clinical OR therapy)",https://www.scopus.com/results/results.uri?query=%22Romi%20Lacatan%22%20AND%20%28%22social%20robot%22%20OR%20%22human-robot%20interaction%22%20OR%20pediatric%20OR%20child%20OR%20clinical%20OR%20therapy%29,,MANUAL_PENDING,접근 권한/기관 구독 환경에서 수동 확인 필요
2026-08-11T13:38:49+00:00,ROBOT-0027,Misty II,PUBMED,"(Misty II[Title/Abstract]) AND (""social robot""[Title/Abstract] OR ""human-robot interaction""[Title/Abstract] OR pediatric[Title/Abstract] OR child[Title/Abstract] OR clinical[Title/Abstract] OR therapy[Title/Abstract])",https://pubmed.ncbi.nlm.nih.gov/?term=%28Misty%20II%5BTitle/Abstract%5D%29%20AND%20%28%22social%20robot%22%5BTitle/Abstract%5D%20OR%20%22human-robot%20interaction%22%5BTitle/Abstract%5D%20OR%20pediatric%5BTitle/Abstract%5D%20OR%20child%5BTitle/Abstract%5D%20OR%20clinical%5BTitle/Abstract%5D%20OR%20therapy%5BTitle/Abstract%5D%29,,AUTO_FAILED:URLError,
2026-08-11T13:38:49+00:00,ROBOT-0027,Misty II,IEEE_XPLORE,"""Misty II"" AND (""social robot"" OR ""human-robot interaction"" OR pediatric OR child OR clinical OR therapy)",https://ieeexplore.ieee.org/search/searchresult.jsp?queryText=%22Misty%20II%22%20AND%20%28%22social%20robot%22%20OR%20%22human-robot%20interaction%22%20OR%20pediatric%20OR%20child%20OR%20clinical%20OR%20therapy%29,,MANUAL_PENDING,접근 권한/기관 구독 환경에서 수동 확인 필요
2026-08-11T13:38:49+00:00,ROBOT-0027,Misty II,ACM_DL,"""Misty II"" AND (""social robot"" OR ""human-robot interaction"" OR pediatric OR child OR clinical OR therapy)",https://dl.acm.org/action/doSearch?AllField=%22Misty%20II%22%20AND%20%28%22social%20robot%22%20OR%20%22human-robot%20interaction%22%20OR%20pediatric%20OR%20child%20OR%20clinical%20OR%20therapy%29,,MANUAL_PENDING,접근 권한/기관 구독 환경에서 수동 확인 필요
2026-08-11T13:38:49+00:00,ROBOT-0027,Misty II,SCOPUS,"""Misty II"" AND (""social robot"" OR ""human-robot interaction"" OR pediatric OR child OR clinical OR therapy)",https://www.scopus.com/results/results.uri?query=%22Misty%20II%22%20AND%20%28%22social%20robot%22%20OR%20%22human-robot%20interaction%22%20OR%20pediatric%20OR%20child%20OR%20clinical%20OR%20therapy%29,,MANUAL_PENDING,접근 권한/기관 구독 환경에서 수동 확인 필요
2026-08-11T13:38:49+00:00,ROBOT-0028,OlloNi,PUBMED,"(OlloNi[Title/Abstract]) AND (""social robot""[Title/Abstract] OR ""human-robot interaction""[Title/Abstract] OR pediatric[Title/Abstract] OR child[Title/Abstract] OR clinical[Title/Abstract] OR therapy[Title/Abstract])",https://pubmed.ncbi.nlm.nih.gov/?term=%28OlloNi%5BTitle/Abstract%5D%29%20AND%20%28%22social%20robot%22%5BTitle/Abstract%5D%20OR%20%22human-robot%20interaction%22%5BTitle/Abstract%5D%20OR%20pediatric%5BTitle/Abstract%5D%20OR%20child%5BTitle/Abstract%5D%20OR%20clinical%5BTitle/Abstract%5D%20OR%20therapy%5BTitle/Abstract%5D%29,,AUTO_FAILED:URLError,
2026-08-11T13:38:49+00:00,ROBOT-0028,OlloNi,IEEE_XPLORE,"""OlloNi"" AND (""social robot"" OR ""human-robot interaction"" OR pediatric OR child OR clinical OR therapy)",https://ieeexplore.ieee.org/search/searchresult.jsp?queryText=%22OlloNi%22%20AND%20%28%22social%20robot%22%20OR%20%22human-robot%20interaction%22%20OR%20pediatric%20OR%20child%20OR%20clinical%20OR%20therapy%29,,MANUAL_PENDING,접근 권한/기관 구독 환경에서 수동 확인 필요
2026-08-11T13:38:49+00:00,ROBOT-0028,OlloNi,ACM_DL,"""OlloNi"" AND (""social robot"" OR ""human-robot interaction"" OR pediatric OR child OR clinical OR therapy)",https://dl.acm.org/action/doSearch?AllField=%22OlloNi%22%20AND%20%28%22social%20robot%22%20OR%20%22human-robot%20interaction%22%20OR%20pediatric%20OR%20child%20OR%20clinical%20OR%20therapy%29,,MANUAL_PENDING,접근 권한/기관 구독 환경에서 수동 확인 필요
2026-08-11T13:38:49+00:00,ROBOT-0028,OlloNi,SCOPUS,"""OlloNi"" AND (""social robot"" OR ""human-robot interaction"" OR pediatric OR child OR clinical OR therapy)",https://www.scopus.com/results/results.uri?query=%22OlloNi%22%20AND%20%28%22social%20robot%22%20OR%20%22human-robot%20interaction%22%20OR%20pediatric%20OR%20child%20OR%20clinical%20OR%20therapy%29,,MANUAL_PENDING,접근 권한/기관 구독 환경에서 수동 확인 필요
2026-08-11T13:38:49+00:00,ROBOT-0029,T2,PUBMED,"(T2[Title/Abstract]) AND (""social robot""[Title/Abstract] OR ""human-robot interaction""[Title/Abstract] OR pediatric[Title/Abstract] OR child[Title/Abstract] OR clinical[Title/Abstract] OR therapy[Title/Abstract])",https://pubmed.ncbi.nlm.nih.gov/?term=%28T2%5BTitle/Abstract%5D%29%20AND%20%28%22social%20robot%22%5BTitle/Abstract%5D%20OR%20%22human-robot%20interaction%22%5BTitle/Abstract%5D%20OR%20pediatric%5BTitle/Abstract%5D%20OR%20child%5BTitle/Abstract%5D%20OR%20clinical%5BTitle/Abstract%5D%20OR%20therapy%5BTitle/Abstract%5D%29,,AUTO_FAILED:URLError,
2026-08-11T13:38:49+00:00,ROBOT-0029,T2,IEEE_XPLORE,"""T2"" AND (""social robot"" OR ""human-robot interaction"" OR pediatric OR child OR clinical OR therapy)",https://ieeexplore.ieee.org/search/searchresult.jsp?queryText=%22T2%22%20AND%20%28%22social%20robot%22%20OR%20%22human-robot%20interaction%22%20OR%20pediatric%20OR%20child%20OR%20clinical%20OR%20therapy%29,,MANUAL_PENDING,접근 권한/기관 구독 환경에서 수동 확인 필요
2026-08-11T13:38:49+00:00,ROBOT-0029,T2,ACM_DL,"""T2"" AND (""social robot"" OR ""human-robot interaction"" OR pediatric OR child OR clinical OR therapy)",https://dl.acm.org/action/doSearch?AllField=%22T2%22%20AND%20%28%22social%20robot%22%20OR%20%22human-robot%20interaction%22%20OR%20pediatric%20OR%20child%20OR%20clinical%20OR%20therapy%29,,MANUAL_PENDING,접근 권한/기관 구독 환경에서 수동 확인 필요
2026-08-11T13:38:49+00:00,ROBOT-0029,T2,SCOPUS,"""T2"" AND (""social robot"" OR ""human-robot interaction"" OR pediatric OR child OR clinical OR therapy)",https://www.scopus.com/results/results.uri?query=%22T2%22%20AND%20%28%22social%20robot%22%20OR%20%22human-robot%20interaction%22%20OR%20pediatric%20OR%20child%20OR%20clinical%20OR%20therapy%29,,MANUAL_PENDING,접근 권한/기관 구독 환경에서 수동 확인 필요
2026-08-11T13:38:49+00:00,ROBOT-0030,Reachy Mini,PUBMED,"(Reachy Mini[Title/Abstract]) AND (""social robot""[Title/Abstract] OR ""human-robot interaction""[Title/Abstract] OR pediatric[Title/Abstract] OR child[Title/Abstract] OR clinical[Title/Abstract] OR therapy[Title/Abstract])",https://pubmed.ncbi.nlm.nih.gov/?term=%28Reachy%20Mini%5BTitle/Abstract%5D%29%20AND%20%28%22social%20robot%22%5BTitle/Abstract%5D%20OR%20%22human-robot%20interaction%22%5BTitle/Abstract%5D%20OR%20pediatric%5BTitle/Abstract%5D%20OR%20child%5BTitle/Abstract%5D%20OR%20clinical%5BTitle/Abstract%5D%20OR%20therapy%5BTitle/Abstract%5D%29,,AUTO_FAILED:URLError,
2026-08-11T13:38:49+00:00,ROBOT-0030,Reachy Mini,IEEE_XPLORE,"""Reachy Mini"" AND (""social robot"" OR ""human-robot interaction"" OR pediatric OR child OR clinical OR therapy)",https://ieeexplore.ieee.org/search/searchresult.jsp?queryText=%22Reachy%20Mini%22%20AND%20%28%22social%20robot%22%20OR%20%22human-robot%20interaction%22%20OR%20pediatric%20OR%20child%20OR%20clinical%20OR%20therapy%29,,MANUAL_PENDING,접근 권한/기관 구독 환경에서 수동 확인 필요
2026-08-11T13:38:49+00:00,ROBOT-0030,Reachy Mini,ACM_DL,"""Reachy Mini"" AND (""social robot"" OR ""human-robot interaction"" OR pediatric OR child OR clinical OR therapy)",https://dl.acm.org/action/doSearch?AllField=%22Reachy%20Mini%22%20AND%20%28%22social%20robot%22%20OR%20%22human-robot%20interaction%22%20OR%20pediatric%20OR%20child%20OR%20clinical%20OR%20therapy%29,,MANUAL_PENDING,접근 권한/기관 구독 환경에서 수동 확인 필요
2026-08-11T13:38:49+00:00,ROBOT-0030,Reachy Mini,SCOPUS,"""Reachy Mini"" AND (""social robot"" OR ""human-robot interaction"" OR pediatric OR child OR clinical OR therapy)",https://www.scopus.com/results/results.uri?query=%22Reachy%20Mini%22%20AND%20%28%22social%20robot%22%20OR%20%22human-robot%20interaction%22%20OR%20pediatric%20OR%20child%20OR%20clinical%20OR%20therapy%29,,MANUAL_PENDING,접근 권한/기관 구독 환경에서 수동 확인 필요
2026-08-11T13:38:49+00:00,ROBOT-0031,Prime T1,PUBMED,"(Prime T1[Title/Abstract]) AND (""social robot""[Title/Abstract] OR ""human-robot interaction""[Title/Abstract] OR pediatric[Title/Abstract] OR child[Title/Abstract] OR clinical[Title/Abstract] OR therapy[Title/Abstract])",https://pubmed.ncbi.nlm.nih.gov/?term=%28Prime%20T1%5BTitle/Abstract%5D%29%20AND%20%28%22social%20robot%22%5BTitle/Abstract%5D%20OR%20%22human-robot%20interaction%22%5BTitle/Abstract%5D%20OR%20pediatric%5BTitle/Abstract%5D%20OR%20child%5BTitle/Abstract%5D%20OR%20clinical%5BTitle/Abstract%5D%20OR%20therapy%5BTitle/Abstract%5D%29,,AUTO_FAILED:URLError,
2026-08-11T13:38:49+00:00,ROBOT-0031,Prime T1,IEEE_XPLORE,"""Prime T1"" AND (""social robot"" OR ""human-robot interaction"" OR pediatric OR child OR clinical OR therapy)",https://ieeexplore.ieee.org/search/searchresult.jsp?queryText=%22Prime%20T1%22%20AND%20%28%22social%20robot%22%20OR%20%22human-robot%20interaction%22%20OR%20pediatric%20OR%20child%20OR%20clinical%20OR%20therapy%29,,MANUAL_PENDING,접근 권한/기관 구독 환경에서 수동 확인 필요
2026-08-11T13:38:49+00:00,ROBOT-0031,Prime T1,ACM_DL,"""Prime T1"" AND (""social robot"" OR ""human-robot interaction"" OR pediatric OR child OR clinical OR therapy)",https://dl.acm.org/action/doSearch?AllField=%22Prime%20T1%22%20AND%20%28%22social%20robot%22%20OR%20%22human-robot%20interaction%22%20OR%20pediatric%20OR%20child%20OR%20clinical%20OR%20therapy%29,,MANUAL_PENDING,접근 권한/기관 구독 환경에서 수동 확인 필요
2026-08-11T13:38:49+00:00,ROBOT-0031,Prime T1,SCOPUS,"""Prime T1"" AND (""social robot"" OR ""human-robot interaction"" OR pediatric OR child OR clinical OR therapy)",https://www.scopus.com/results/results.uri?query=%22Prime%20T1%22%20AND%20%28%22social%20robot%22%20OR%20%22human-robot%20interaction%22%20OR%20pediatric%20OR%20child%20OR%20clinical%20OR%20therapy%29,,MANUAL_PENDING,접근 권한/기관 구독 환경에서 수동 확인 필요
2026-08-11T13:38:49+00:00,ROBOT-0032,David,PUBMED,"(David[Title/Abstract]) AND (""social robot""[Title/Abstract] OR ""human-robot interaction""[Title/Abstract] OR pediatric[Title/Abstract] OR child[Title/Abstract] OR clinical[Title/Abstract] OR therapy[Title/Abstract])",https://pubmed.ncbi.nlm.nih.gov/?term=%28David%5BTitle/Abstract%5D%29%20AND%20%28%22social%20robot%22%5BTitle/Abstract%5D%20OR%20%22human-robot%20interaction%22%5BTitle/Abstract%5D%20OR%20pediatric%5BTitle/Abstract%5D%20OR%20child%5BTitle/Abstract%5D%20OR%20clinical%5BTitle/Abstract%5D%20OR%20therapy%5BTitle/Abstract%5D%29,,AUTO_FAILED:URLError,
2026-08-11T13:38:49+00:00,ROBOT-0032,David,IEEE_XPLORE,"""David"" AND (""social robot"" OR ""human-robot interaction"" OR pediatric OR child OR clinical OR therapy)",https://ieeexplore.ieee.org/search/searchresult.jsp?queryText=%22David%22%20AND%20%28%22social%20robot%22%20OR%20%22human-robot%20interaction%22%20OR%20pediatric%20OR%20child%20OR%20clinical%20OR%20therapy%29,,MANUAL_PENDING,접근 권한/기관 구독 환경에서 수동 확인 필요
2026-08-11T13:38:49+00:00,ROBOT-0032,David,ACM_DL,"""David"" AND (""social robot"" OR ""human-robot interaction"" OR pediatric OR child OR clinical OR therapy)",https://dl.acm.org/action/doSearch?AllField=%22David%22%20AND%20%28%22social%20robot%22%20OR%20%22human-robot%20interaction%22%20OR%20pediatric%20OR%20child%20OR%20clinical%20OR%20therapy%29,,MANUAL_PENDING,접근 권한/기관 구독 환경에서 수동 확인 필요
2026-08-11T13:38:49+00:00,ROBOT-0032,David,SCOPUS,"""David"" AND (""social robot"" OR ""human-robot interaction"" OR pediatric OR child OR clinical OR therapy)",https://www.scopus.com/results/results.uri?query=%22David%22%20AND%20%28%22social%20robot%22%20OR%20%22human-robot%20interaction%22%20OR%20pediatric%20OR%20child%20OR%20clinical%20OR%20therapy%29,,MANUAL_PENDING,접근 권한/기관 구독 환경에서 수동 확인 필요
2026-08-11T13:38:49+00:00,ROBOT-0033,KOIBOT ROLA Series,PUBMED,"(KOIBOT ROLA Series[Title/Abstract]) AND (""social robot""[Title/Abstract] OR ""human-robot interaction""[Title/Abstract] OR pediatric[Title/Abstract] OR child[Title/Abstract] OR clinical[Title/Abstract] OR therapy[Title/Abstract])",https://pubmed.ncbi.nlm.nih.gov/?term=%28KOIBOT%20ROLA%20Series%5BTitle/Abstract%5D%29%20AND%20%28%22social%20robot%22%5BTitle/Abstract%5D%20OR%20%22human-robot%20interaction%22%5BTitle/Abstract%5D%20OR%20pediatric%5BTitle/Abstract%5D%20OR%20child%5BTitle/Abstract%5D%20OR%20clinical%5BTitle/Abstract%5D%20OR%20therapy%5BTitle/Abstract%5D%29,,AUTO_FAILED:URLError,
2026-08-11T13:38:49+00:00,ROBOT-0033,KOIBOT ROLA Series,IEEE_XPLORE,"""KOIBOT ROLA Series"" AND (""social robot"" OR ""human-robot interaction"" OR pediatric OR child OR clinical OR therapy)",https://ieeexplore.ieee.org/search/searchresult.jsp?queryText=%22KOIBOT%20ROLA%20Series%22%20AND%20%28%22social%20robot%22%20OR%20%22human-robot%20interaction%22%20OR%20pediatric%20OR%20child%20OR%20clinical%20OR%20therapy%29,,MANUAL_PENDING,접근 권한/기관 구독 환경에서 수동 확인 필요
2026-08-11T13:38:49+00:00,ROBOT-0033,KOIBOT ROLA Series,ACM_DL,"""KOIBOT ROLA Series"" AND (""social robot"" OR ""human-robot interaction"" OR pediatric OR child OR clinical OR therapy)",https://dl.acm.org/action/doSearch?AllField=%22KOIBOT%20ROLA%20Series%22%20AND%20%28%22social%20robot%22%20OR%20%22human-robot%20interaction%22%20OR%20pediatric%20OR%20child%20OR%20clinical%20OR%20therapy%29,,MANUAL_PENDING,접근 권한/기관 구독 환경에서 수동 확인 필요
2026-08-11T13:38:49+00:00,ROBOT-0033,KOIBOT ROLA Series,SCOPUS,"""KOIBOT ROLA Series"" AND (""social robot"" OR ""human-robot interaction"" OR pediatric OR child OR clinical OR therapy)",https://www.scopus.com/results/results.uri?query=%22KOIBOT%20ROLA%20Series%22%20AND%20%28%22social%20robot%22%20OR%20%22human-robot%20interaction%22%20OR%20pediatric%20OR%20child%20OR%20clinical%20OR%20therapy%29,,MANUAL_PENDING,접근 권한/기관 구독 환경에서 수동 확인 필요
2026-08-11T13:38:49+00:00,ROBOT-0034,Rhem,PUBMED,"(Rhem[Title/Abstract]) AND (""social robot""[Title/Abstract] OR ""human-robot interaction""[Title/Abstract] OR pediatric[Title/Abstract] OR child[Title/Abstract] OR clinical[Title/Abstract] OR therapy[Title/Abstract])",https://pubmed.ncbi.nlm.nih.gov/?term=%28Rhem%5BTitle/Abstract%5D%29%20AND%20%28%22social%20robot%22%5BTitle/Abstract%5D%20OR%20%22human-robot%20interaction%22%5BTitle/Abstract%5D%20OR%20pediatric%5BTitle/Abstract%5D%20OR%20child%5BTitle/Abstract%5D%20OR%20clinical%5BTitle/Abstract%5D%20OR%20therapy%5BTitle/Abstract%5D%29,,AUTO_FAILED:URLError,
2026-08-11T13:38:49+00:00,ROBOT-0034,Rhem,IEEE_XPLORE,"""Rhem"" AND (""social robot"" OR ""human-robot interaction"" OR pediatric OR child OR clinical OR therapy)",https://ieeexplore.ieee.org/search/searchresult.jsp?queryText=%22Rhem%22%20AND%20%28%22social%20robot%22%20OR%20%22human-robot%20interaction%22%20OR%20pediatric%20OR%20child%20OR%20clinical%20OR%20therapy%29,,MANUAL_PENDING,접근 권한/기관 구독 환경에서 수동 확인 필요
2026-08-11T13:38:49+00:00,ROBOT-0034,Rhem,ACM_DL,"""Rhem"" AND (""social robot"" OR ""human-robot interaction"" OR pediatric OR child OR clinical OR therapy)",https://dl.acm.org/action/doSearch?AllField=%22Rhem%22%20AND%20%28%22social%20robot%22%20OR%20%22human-robot%20interaction%22%20OR%20pediatric%20OR%20child%20OR%20clinical%20OR%20therapy%29,,MANUAL_PENDING,접근 권한/기관 구독 환경에서 수동 확인 필요
2026-08-11T13:38:49+00:00,ROBOT-0034,Rhem,SCOPUS,"""Rhem"" AND (""social robot"" OR ""human-robot interaction"" OR pediatric OR child OR clinical OR therapy)",https://www.scopus.com/results/results.uri?query=%22Rhem%22%20AND%20%28%22social%20robot%22%20OR%20%22human-robot%20interaction%22%20OR%20pediatric%20OR%20child%20OR%20clinical%20OR%20therapy%29,,MANUAL_PENDING,접근 권한/기관 구독 환경에서 수동 확인 필요
2026-08-11T13:38:49+00:00,ROBOT-0035,Fuzozo,PUBMED,"(Fuzozo[Title/Abstract]) AND (""social robot""[Title/Abstract] OR ""human-robot interaction""[Title/Abstract] OR pediatric[Title/Abstract] OR child[Title/Abstract] OR clinical[Title/Abstract] OR therapy[Title/Abstract])",https://pubmed.ncbi.nlm.nih.gov/?term=%28Fuzozo%5BTitle/Abstract%5D%29%20AND%20%28%22social%20robot%22%5BTitle/Abstract%5D%20OR%20%22human-robot%20interaction%22%5BTitle/Abstract%5D%20OR%20pediatric%5BTitle/Abstract%5D%20OR%20child%5BTitle/Abstract%5D%20OR%20clinical%5BTitle/Abstract%5D%20OR%20therapy%5BTitle/Abstract%5D%29,,AUTO_FAILED:URLError,
2026-08-11T13:38:49+00:00,ROBOT-0035,Fuzozo,IEEE_XPLORE,"""Fuzozo"" AND (""social robot"" OR ""human-robot interaction"" OR pediatric OR child OR clinical OR therapy)",https://ieeexplore.ieee.org/search/searchresult.jsp?queryText=%22Fuzozo%22%20AND%20%28%22social%20robot%22%20OR%20%22human-robot%20interaction%22%20OR%20pediatric%20OR%20child%20OR%20clinical%20OR%20therapy%29,,MANUAL_PENDING,접근 권한/기관 구독 환경에서 수동 확인 필요
2026-08-11T13:38:49+00:00,ROBOT-0035,Fuzozo,ACM_DL,"""Fuzozo"" AND (""social robot"" OR ""human-robot interaction"" OR pediatric OR child OR clinical OR therapy)",https://dl.acm.org/action/doSearch?AllField=%22Fuzozo%22%20AND%20%28%22social%20robot%22%20OR%20%22human-robot%20interaction%22%20OR%20pediatric%20OR%20child%20OR%20clinical%20OR%20therapy%29,,MANUAL_PENDING,접근 권한/기관 구독 환경에서 수동 확인 필요
2026-08-11T13:38:49+00:00,ROBOT-0035,Fuzozo,SCOPUS,"""Fuzozo"" AND (""social robot"" OR ""human-robot interaction"" OR pediatric OR child OR clinical OR therapy)",https://www.scopus.com/results/results.uri?query=%22Fuzozo%22%20AND%20%28%22social%20robot%22%20OR%20%22human-robot%20interaction%22%20OR%20pediatric%20OR%20child%20OR%20clinical%20OR%20therapy%29,,MANUAL_PENDING,접근 권한/기관 구독 환경에서 수동 확인 필요
2026-08-11T13:38:49+00:00,ROBOT-0036,Ballie,PUBMED,"(Ballie[Title/Abstract]) AND (""social robot""[Title/Abstract] OR ""human-robot interaction""[Title/Abstract] OR pediatric[Title/Abstract] OR child[Title/Abstract] OR clinical[Title/Abstract] OR therapy[Title/Abstract])",https://pubmed.ncbi.nlm.nih.gov/?term=%28Ballie%5BTitle/Abstract%5D%29%20AND%20%28%22social%20robot%22%5BTitle/Abstract%5D%20OR%20%22human-robot%20interaction%22%5BTitle/Abstract%5D%20OR%20pediatric%5BTitle/Abstract%5D%20OR%20child%5BTitle/Abstract%5D%20OR%20clinical%5BTitle/Abstract%5D%20OR%20therapy%5BTitle/Abstract%5D%29,,AUTO_FAILED:URLError,
2026-08-11T13:38:49+00:00,ROBOT-0036,Ballie,IEEE_XPLORE,"""Ballie"" AND (""social robot"" OR ""human-robot interaction"" OR pediatric OR child OR clinical OR therapy)",https://ieeexplore.ieee.org/search/searchresult.jsp?queryText=%22Ballie%22%20AND%20%28%22social%20robot%22%20OR%20%22human-robot%20interaction%22%20OR%20pediatric%20OR%20child%20OR%20clinical%20OR%20therapy%29,,MANUAL_PENDING,접근 권한/기관 구독 환경에서 수동 확인 필요
2026-08-11T13:38:49+00:00,ROBOT-0036,Ballie,ACM_DL,"""Ballie"" AND (""social robot"" OR ""human-robot interaction"" OR pediatric OR child OR clinical OR therapy)",https://dl.acm.org/action/doSearch?AllField=%22Ballie%22%20AND%20%28%22social%20robot%22%20OR%20%22human-robot%20interaction%22%20OR%20pediatric%20OR%20child%20OR%20clinical%20OR%20therapy%29,,MANUAL_PENDING,접근 권한/기관 구독 환경에서 수동 확인 필요
2026-08-11T13:38:49+00:00,ROBOT-0036,Ballie,SCOPUS,"""Ballie"" AND (""social robot"" OR ""human-robot interaction"" OR pediatric OR child OR clinical OR therapy)",https://www.scopus.com/results/results.uri?query=%22Ballie%22%20AND%20%28%22social%20robot%22%20OR%20%22human-robot%20interaction%22%20OR%20pediatric%20OR%20child%20OR%20clinical%20OR%20therapy%29,,MANUAL_PENDING,접근 권한/기관 구독 환경에서 수동 확인 필요
2026-08-11T13:38:49+00:00,ROBOT-0037,Poketomo,PUBMED,"(Poketomo[Title/Abstract]) AND (""social robot""[Title/Abstract] OR ""human-robot interaction""[Title/Abstract] OR pediatric[Title/Abstract] OR child[Title/Abstract] OR clinical[Title/Abstract] OR therapy[Title/Abstract])",https://pubmed.ncbi.nlm.nih.gov/?term=%28Poketomo%5BTitle/Abstract%5D%29%20AND%20%28%22social%20robot%22%5BTitle/Abstract%5D%20OR%20%22human-robot%20interaction%22%5BTitle/Abstract%5D%20OR%20pediatric%5BTitle/Abstract%5D%20OR%20child%5BTitle/Abstract%5D%20OR%20clinical%5BTitle/Abstract%5D%20OR%20therapy%5BTitle/Abstract%5D%29,,AUTO_FAILED:URLError,
2026-08-11T13:38:49+00:00,ROBOT-0037,Poketomo,IEEE_XPLORE,"""Poketomo"" AND (""social robot"" OR ""human-robot interaction"" OR pediatric OR child OR clinical OR therapy)",https://ieeexplore.ieee.org/search/searchresult.jsp?queryText=%22Poketomo%22%20AND%20%28%22social%20robot%22%20OR%20%22human-robot%20interaction%22%20OR%20pediatric%20OR%20child%20OR%20clinical%20OR%20therapy%29,,MANUAL_PENDING,접근 권한/기관 구독 환경에서 수동 확인 필요
2026-08-11T13:38:49+00:00,ROBOT-0037,Poketomo,ACM_DL,"""Poketomo"" AND (""social robot"" OR ""human-robot interaction"" OR pediatric OR child OR clinical OR therapy)",https://dl.acm.org/action/doSearch?AllField=%22Poketomo%22%20AND%20%28%22social%20robot%22%20OR%20%22human-robot%20interaction%22%20OR%20pediatric%20OR%20child%20OR%20clinical%20OR%20therapy%29,,MANUAL_PENDING,접근 권한/기관 구독 환경에서 수동 확인 필요
2026-08-11T13:38:49+00:00,ROBOT-0037,Poketomo,SCOPUS,"""Poketomo"" AND (""social robot"" OR ""human-robot interaction"" OR pediatric OR child OR clinical OR therapy)",https://www.scopus.com/results/results.uri?query=%22Poketomo%22%20AND%20%28%22social%20robot%22%20OR%20%22human-robot%20interaction%22%20OR%20pediatric%20OR%20child%20OR%20clinical%20OR%20therapy%29,,MANUAL_PENDING,접근 권한/기관 구독 환경에서 수동 확인 필요
2026-08-11T13:38:49+00:00,ROBOT-0038,aibo (ERS-1000),PUBMED,"(aibo (ERS-1000)[Title/Abstract]) AND (""social robot""[Title/Abstract] OR ""human-robot interaction""[Title/Abstract] OR pediatric[Title/Abstract] OR child[Title/Abstract] OR clinical[Title/Abstract] OR therapy[Title/Abstract])",https://pubmed.ncbi.nlm.nih.gov/?term=%28aibo%20%28ERS-1000%29%5BTitle/Abstract%5D%29%20AND%20%28%22social%20robot%22%5BTitle/Abstract%5D%20OR%20%22human-robot%20interaction%22%5BTitle/Abstract%5D%20OR%20pediatric%5BTitle/Abstract%5D%20OR%20child%5BTitle/Abstract%5D%20OR%20clinical%5BTitle/Abstract%5D%20OR%20therapy%5BTitle/Abstract%5D%29,,AUTO_FAILED:URLError,
2026-08-11T13:38:49+00:00,ROBOT-0038,aibo (ERS-1000),IEEE_XPLORE,"""aibo (ERS-1000)"" AND (""social robot"" OR ""human-robot interaction"" OR pediatric OR child OR clinical OR therapy)",https://ieeexplore.ieee.org/search/searchresult.jsp?queryText=%22aibo%20%28ERS-1000%29%22%20AND%20%28%22social%20robot%22%20OR%20%22human-robot%20interaction%22%20OR%20pediatric%20OR%20child%20OR%20clinical%20OR%20therapy%29,,MANUAL_PENDING,접근 권한/기관 구독 환경에서 수동 확인 필요
2026-08-11T13:38:49+00:00,ROBOT-0038,aibo (ERS-1000),ACM_DL,"""aibo (ERS-1000)"" AND (""social robot"" OR ""human-robot interaction"" OR pediatric OR child OR clinical OR therapy)",https://dl.acm.org/action/doSearch?AllField=%22aibo%20%28ERS-1000%29%22%20AND%20%28%22social%20robot%22%20OR%20%22human-robot%20interaction%22%20OR%20pediatric%20OR%20child%20OR%20clinical%20OR%20therapy%29,,MANUAL_PENDING,접근 권한/기관 구독 환경에서 수동 확인 필요
2026-08-11T13:38:49+00:00,ROBOT-0038,aibo (ERS-1000),SCOPUS,"""aibo (ERS-1000)"" AND (""social robot"" OR ""human-robot interaction"" OR pediatric OR child OR clinical OR therapy)",https://www.scopus.com/results/results.uri?query=%22aibo%20%28ERS-1000%29%22%20AND%20%28%22social%20robot%22%20OR%20%22human-robot%20interaction%22%20OR%20pediatric%20OR%20child%20OR%20clinical%20OR%20therapy%29,,MANUAL_PENDING,접근 권한/기관 구독 환경에서 수동 확인 필요
2026-08-11T13:38:49+00:00,ROBOT-0039,KATA Friends,PUBMED,"(KATA Friends[Title/Abstract]) AND (""social robot""[Title/Abstract] OR ""human-robot interaction""[Title/Abstract] OR pediatric[Title/Abstract] OR child[Title/Abstract] OR clinical[Title/Abstract] OR therapy[Title/Abstract])",https://pubmed.ncbi.nlm.nih.gov/?term=%28KATA%20Friends%5BTitle/Abstract%5D%29%20AND%20%28%22social%20robot%22%5BTitle/Abstract%5D%20OR%20%22human-robot%20interaction%22%5BTitle/Abstract%5D%20OR%20pediatric%5BTitle/Abstract%5D%20OR%20child%5BTitle/Abstract%5D%20OR%20clinical%5BTitle/Abstract%5D%20OR%20therapy%5BTitle/Abstract%5D%29,,AUTO_FAILED:URLError,
2026-08-11T13:38:49+00:00,ROBOT-0039,KATA Friends,IEEE_XPLORE,"""KATA Friends"" AND (""social robot"" OR ""human-robot interaction"" OR pediatric OR child OR clinical OR therapy)",https://ieeexplore.ieee.org/search/searchresult.jsp?queryText=%22KATA%20Friends%22%20AND%20%28%22social%20robot%22%20OR%20%22human-robot%20interaction%22%20OR%20pediatric%20OR%20child%20OR%20clinical%20OR%20therapy%29,,MANUAL_PENDING,접근 권한/기관 구독 환경에서 수동 확인 필요
2026-08-11T13:38:49+00:00,ROBOT-0039,KATA Friends,ACM_DL,"""KATA Friends"" AND (""social robot"" OR ""human-robot interaction"" OR pediatric OR child OR clinical OR therapy)",https://dl.acm.org/action/doSearch?AllField=%22KATA%20Friends%22%20AND%20%28%22social%20robot%22%20OR%20%22human-robot%20interaction%22%20OR%20pediatric%20OR%20child%20OR%20clinical%20OR%20therapy%29,,MANUAL_PENDING,접근 권한/기관 구독 환경에서 수동 확인 필요
2026-08-11T13:38:49+00:00,ROBOT-0039,KATA Friends,SCOPUS,"""KATA Friends"" AND (""social robot"" OR ""human-robot interaction"" OR pediatric OR child OR clinical OR therapy)",https://www.scopus.com/results/results.uri?query=%22KATA%20Friends%22%20AND%20%28%22social%20robot%22%20OR%20%22human-robot%20interaction%22%20OR%20pediatric%20OR%20child%20OR%20clinical%20OR%20therapy%29,,MANUAL_PENDING,접근 권한/기관 구독 환경에서 수동 확인 필요
2026-08-11T13:38:49+00:00,ROBOT-0040,Jennie,PUBMED,"(Jennie[Title/Abstract]) AND (""social robot""[Title/Abstract] OR ""human-robot interaction""[Title/Abstract] OR pediatric[Title/Abstract] OR child[Title/Abstract] OR clinical[Title/Abstract] OR therapy[Title/Abstract])",https://pubmed.ncbi.nlm.nih.gov/?term=%28Jennie%5BTitle/Abstract%5D%29%20AND%20%28%22social%20robot%22%5BTitle/Abstract%5D%20OR%20%22human-robot%20interaction%22%5BTitle/Abstract%5D%20OR%20pediatric%5BTitle/Abstract%5D%20OR%20child%5BTitle/Abstract%5D%20OR%20clinical%5BTitle/Abstract%5D%20OR%20therapy%5BTitle/Abstract%5D%29,,AUTO_FAILED:URLError,
2026-08-11T13:38:49+00:00,ROBOT-0040,Jennie,IEEE_XPLORE,"""Jennie"" AND (""social robot"" OR ""human-robot interaction"" OR pediatric OR child OR clinical OR therapy)",https://ieeexplore.ieee.org/search/searchresult.jsp?queryText=%22Jennie%22%20AND%20%28%22social%20robot%22%20OR%20%22human-robot%20interaction%22%20OR%20pediatric%20OR%20child%20OR%20clinical%20OR%20therapy%29,,MANUAL_PENDING,접근 권한/기관 구독 환경에서 수동 확인 필요
2026-08-11T13:38:49+00:00,ROBOT-0040,Jennie,ACM_DL,"""Jennie"" AND (""social robot"" OR ""human-robot interaction"" OR pediatric OR child OR clinical OR therapy)",https://dl.acm.org/action/doSearch?AllField=%22Jennie%22%20AND%20%28%22social%20robot%22%20OR%20%22human-robot%20interaction%22%20OR%20pediatric%20OR%20child%20OR%20clinical%20OR%20therapy%29,,MANUAL_PENDING,접근 권한/기관 구독 환경에서 수동 확인 필요
2026-08-11T13:38:49+00:00,ROBOT-0040,Jennie,SCOPUS,"""Jennie"" AND (""social robot"" OR ""human-robot interaction"" OR pediatric OR child OR clinical OR therapy)",https://www.scopus.com/results/results.uri?query=%22Jennie%22%20AND%20%28%22social%20robot%22%20OR%20%22human-robot%20interaction%22%20OR%20pediatric%20OR%20child%20OR%20clinical%20OR%20therapy%29,,MANUAL_PENDING,접근 권한/기관 구독 환경에서 수동 확인 필요
2026-08-11T13:38:49+00:00,ROBOT-0041,Sweekar,PUBMED,"(Sweekar[Title/Abstract]) AND (""social robot""[Title/Abstract] OR ""human-robot interaction""[Title/Abstract] OR pediatric[Title/Abstract] OR child[Title/Abstract] OR clinical[Title/Abstract] OR therapy[Title/Abstract])",https://pubmed.ncbi.nlm.nih.gov/?term=%28Sweekar%5BTitle/Abstract%5D%29%20AND%20%28%22social%20robot%22%5BTitle/Abstract%5D%20OR%20%22human-robot%20interaction%22%5BTitle/Abstract%5D%20OR%20pediatric%5BTitle/Abstract%5D%20OR%20child%5BTitle/Abstract%5D%20OR%20clinical%5BTitle/Abstract%5D%20OR%20therapy%5BTitle/Abstract%5D%29,,AUTO_FAILED:URLError,
2026-08-11T13:38:49+00:00,ROBOT-0041,Sweekar,IEEE_XPLORE,"""Sweekar"" AND (""social robot"" OR ""human-robot interaction"" OR pediatric OR child OR clinical OR therapy)",https://ieeexplore.ieee.org/search/searchresult.jsp?queryText=%22Sweekar%22%20AND%20%28%22social%20robot%22%20OR%20%22human-robot%20interaction%22%20OR%20pediatric%20OR%20child%20OR%20clinical%20OR%20therapy%29,,MANUAL_PENDING,접근 권한/기관 구독 환경에서 수동 확인 필요
2026-08-11T13:38:49+00:00,ROBOT-0041,Sweekar,ACM_DL,"""Sweekar"" AND (""social robot"" OR ""human-robot interaction"" OR pediatric OR child OR clinical OR therapy)",https://dl.acm.org/action/doSearch?AllField=%22Sweekar%22%20AND%20%28%22social%20robot%22%20OR%20%22human-robot%20interaction%22%20OR%20pediatric%20OR%20child%20OR%20clinical%20OR%20therapy%29,,MANUAL_PENDING,접근 권한/기관 구독 환경에서 수동 확인 필요
2026-08-11T13:38:49+00:00,ROBOT-0041,Sweekar,SCOPUS,"""Sweekar"" AND (""social robot"" OR ""human-robot interaction"" OR pediatric OR child OR clinical OR therapy)",https://www.scopus.com/results/results.uri?query=%22Sweekar%22%20AND%20%28%22social%20robot%22%20OR%20%22human-robot%20interaction%22%20OR%20pediatric%20OR%20child%20OR%20clinical%20OR%20therapy%29,,MANUAL_PENDING,접근 권한/기관 구독 환경에서 수동 확인 필요
2026-08-11T13:38:49+00:00,ROBOT-0042,Aura,PUBMED,"(Aura[Title/Abstract]) AND (""social robot""[Title/Abstract] OR ""human-robot interaction""[Title/Abstract] OR pediatric[Title/Abstract] OR child[Title/Abstract] OR clinical[Title/Abstract] OR therapy[Title/Abstract])",https://pubmed.ncbi.nlm.nih.gov/?term=%28Aura%5BTitle/Abstract%5D%29%20AND%20%28%22social%20robot%22%5BTitle/Abstract%5D%20OR%20%22human-robot%20interaction%22%5BTitle/Abstract%5D%20OR%20pediatric%5BTitle/Abstract%5D%20OR%20child%5BTitle/Abstract%5D%20OR%20clinical%5BTitle/Abstract%5D%20OR%20therapy%5BTitle/Abstract%5D%29,,AUTO_FAILED:URLError,
2026-08-11T13:38:49+00:00,ROBOT-0042,Aura,IEEE_XPLORE,"""Aura"" AND (""social robot"" OR ""human-robot interaction"" OR pediatric OR child OR clinical OR therapy)",https://ieeexplore.ieee.org/search/searchresult.jsp?queryText=%22Aura%22%20AND%20%28%22social%20robot%22%20OR%20%22human-robot%20interaction%22%20OR%20pediatric%20OR%20child%20OR%20clinical%20OR%20therapy%29,,MANUAL_PENDING,접근 권한/기관 구독 환경에서 수동 확인 필요
2026-08-11T13:38:49+00:00,ROBOT-0042,Aura,ACM_DL,"""Aura"" AND (""social robot"" OR ""human-robot interaction"" OR pediatric OR child OR clinical OR therapy)",https://dl.acm.org/action/doSearch?AllField=%22Aura%22%20AND%20%28%22social%20robot%22%20OR%20%22human-robot%20interaction%22%20OR%20pediatric%20OR%20child%20OR%20clinical%20OR%20therapy%29,,MANUAL_PENDING,접근 권한/기관 구독 환경에서 수동 확인 필요
2026-08-11T13:38:49+00:00,ROBOT-0042,Aura,SCOPUS,"""Aura"" AND (""social robot"" OR ""human-robot interaction"" OR pediatric OR child OR clinical OR therapy)",https://www.scopus.com/results/results.uri?query=%22Aura%22%20AND%20%28%22social%20robot%22%20OR%20%22human-robot%20interaction%22%20OR%20pediatric%20OR%20child%20OR%20clinical%20OR%20therapy%29,,MANUAL_PENDING,접근 권한/기관 구독 환경에서 수동 확인 필요
2026-08-11T13:38:49+00:00,ROBOT-0043,Alpha Mini,PUBMED,"(Alpha Mini[Title/Abstract]) AND (""social robot""[Title/Abstract] OR ""human-robot interaction""[Title/Abstract] OR pediatric[Title/Abstract] OR child[Title/Abstract] OR clinical[Title/Abstract] OR therapy[Title/Abstract])",https://pubmed.ncbi.nlm.nih.gov/?term=%28Alpha%20Mini%5BTitle/Abstract%5D%29%20AND%20%28%22social%20robot%22%5BTitle/Abstract%5D%20OR%20%22human-robot%20interaction%22%5BTitle/Abstract%5D%20OR%20pediatric%5BTitle/Abstract%5D%20OR%20child%5BTitle/Abstract%5D%20OR%20clinical%5BTitle/Abstract%5D%20OR%20therapy%5BTitle/Abstract%5D%29,,AUTO_FAILED:URLError,
2026-08-11T13:38:49+00:00,ROBOT-0043,Alpha Mini,IEEE_XPLORE,"""Alpha Mini"" AND (""social robot"" OR ""human-robot interaction"" OR pediatric OR child OR clinical OR therapy)",https://ieeexplore.ieee.org/search/searchresult.jsp?queryText=%22Alpha%20Mini%22%20AND%20%28%22social%20robot%22%20OR%20%22human-robot%20interaction%22%20OR%20pediatric%20OR%20child%20OR%20clinical%20OR%20therapy%29,,MANUAL_PENDING,접근 권한/기관 구독 환경에서 수동 확인 필요
2026-08-11T13:38:49+00:00,ROBOT-0043,Alpha Mini,ACM_DL,"""Alpha Mini"" AND (""social robot"" OR ""human-robot interaction"" OR pediatric OR child OR clinical OR therapy)",https://dl.acm.org/action/doSearch?AllField=%22Alpha%20Mini%22%20AND%20%28%22social%20robot%22%20OR%20%22human-robot%20interaction%22%20OR%20pediatric%20OR%20child%20OR%20clinical%20OR%20therapy%29,,MANUAL_PENDING,접근 권한/기관 구독 환경에서 수동 확인 필요
2026-08-11T13:38:49+00:00,ROBOT-0043,Alpha Mini,SCOPUS,"""Alpha Mini"" AND (""social robot"" OR ""human-robot interaction"" OR pediatric OR child OR clinical OR therapy)",https://www.scopus.com/results/results.uri?query=%22Alpha%20Mini%22%20AND%20%28%22social%20robot%22%20OR%20%22human-robot%20interaction%22%20OR%20pediatric%20OR%20child%20OR%20clinical%20OR%20therapy%29,,MANUAL_PENDING,접근 권한/기관 구독 환경에서 수동 확인 필요
2026-08-11T13:38:49+00:00,ROBOT-0044,Kangbao (Health Baby),PUBMED,"(Kangbao (Health Baby)[Title/Abstract]) AND (""social robot""[Title/Abstract] OR ""human-robot interaction""[Title/Abstract] OR pediatric[Title/Abstract] OR child[Title/Abstract] OR clinical[Title/Abstract] OR therapy[Title/Abstract])",https://pubmed.ncbi.nlm.nih.gov/?term=%28Kangbao%20%28Health%20Baby%29%5BTitle/Abstract%5D%29%20AND%20%28%22social%20robot%22%5BTitle/Abstract%5D%20OR%20%22human-robot%20interaction%22%5BTitle/Abstract%5D%20OR%20pediatric%5BTitle/Abstract%5D%20OR%20child%5BTitle/Abstract%5D%20OR%20clinical%5BTitle/Abstract%5D%20OR%20therapy%5BTitle/Abstract%5D%29,,AUTO_FAILED:URLError,
2026-08-11T13:38:49+00:00,ROBOT-0044,Kangbao (Health Baby),IEEE_XPLORE,"""Kangbao (Health Baby)"" AND (""social robot"" OR ""human-robot interaction"" OR pediatric OR child OR clinical OR therapy)",https://ieeexplore.ieee.org/search/searchresult.jsp?queryText=%22Kangbao%20%28Health%20Baby%29%22%20AND%20%28%22social%20robot%22%20OR%20%22human-robot%20interaction%22%20OR%20pediatric%20OR%20child%20OR%20clinical%20OR%20therapy%29,,MANUAL_PENDING,접근 권한/기관 구독 환경에서 수동 확인 필요
2026-08-11T13:38:49+00:00,ROBOT-0044,Kangbao (Health Baby),ACM_DL,"""Kangbao (Health Baby)"" AND (""social robot"" OR ""human-robot interaction"" OR pediatric OR child OR clinical OR therapy)",https://dl.acm.org/action/doSearch?AllField=%22Kangbao%20%28Health%20Baby%29%22%20AND%20%28%22social%20robot%22%20OR%20%22human-robot%20interaction%22%20OR%20pediatric%20OR%20child%20OR%20clinical%20OR%20therapy%29,,MANUAL_PENDING,접근 권한/기관 구독 환경에서 수동 확인 필요
2026-08-11T13:38:49+00:00,ROBOT-0044,Kangbao (Health Baby),SCOPUS,"""Kangbao (Health Baby)"" AND (""social robot"" OR ""human-robot interaction"" OR pediatric OR child OR clinical OR therapy)",https://www.scopus.com/results/results.uri?query=%22Kangbao%20%28Health%20Baby%29%22%20AND%20%28%22social%20robot%22%20OR%20%22human-robot%20interaction%22%20OR%20pediatric%20OR%20child%20OR%20clinical%20OR%20therapy%29,,MANUAL_PENDING,접근 권한/기관 구독 환경에서 수동 확인 필요
2026-08-11T13:38:49+00:00,ROBOT-0045,Coglet,PUBMED,"(Coglet[Title/Abstract]) AND (""social robot""[Title/Abstract] OR ""human-robot interaction""[Title/Abstract] OR pediatric[Title/Abstract] OR child[Title/Abstract] OR clinical[Title/Abstract] OR therapy[Title/Abstract])",https://pubmed.ncbi.nlm.nih.gov/?term=%28Coglet%5BTitle/Abstract%5D%29%20AND%20%28%22social%20robot%22%5BTitle/Abstract%5D%20OR%20%22human-robot%20interaction%22%5BTitle/Abstract%5D%20OR%20pediatric%5BTitle/Abstract%5D%20OR%20child%5BTitle/Abstract%5D%20OR%20clinical%5BTitle/Abstract%5D%20OR%20therapy%5BTitle/Abstract%5D%29,,AUTO_FAILED:URLError,
2026-08-11T13:38:49+00:00,ROBOT-0045,Coglet,IEEE_XPLORE,"""Coglet"" AND (""social robot"" OR ""human-robot interaction"" OR pediatric OR child OR clinical OR therapy)",https://ieeexplore.ieee.org/search/searchresult.jsp?queryText=%22Coglet%22%20AND%20%28%22social%20robot%22%20OR%20%22human-robot%20interaction%22%20OR%20pediatric%20OR%20child%20OR%20clinical%20OR%20therapy%29,,MANUAL_PENDING,접근 권한/기관 구독 환경에서 수동 확인 필요
2026-08-11T13:38:49+00:00,ROBOT-0045,Coglet,ACM_DL,"""Coglet"" AND (""social robot"" OR ""human-robot interaction"" OR pediatric OR child OR clinical OR therapy)",https://dl.acm.org/action/doSearch?AllField=%22Coglet%22%20AND%20%28%22social%20robot%22%20OR%20%22human-robot%20interaction%22%20OR%20pediatric%20OR%20child%20OR%20clinical%20OR%20therapy%29,,MANUAL_PENDING,접근 권한/기관 구독 환경에서 수동 확인 필요
2026-08-11T13:38:49+00:00,ROBOT-0045,Coglet,SCOPUS,"""Coglet"" AND (""social robot"" OR ""human-robot interaction"" OR pediatric OR child OR clinical OR therapy)",https://www.scopus.com/results/results.uri?query=%22Coglet%22%20AND%20%28%22social%20robot%22%20OR%20%22human-robot%20interaction%22%20OR%20pediatric%20OR%20child%20OR%20clinical%20OR%20therapy%29,,MANUAL_PENDING,접근 권한/기관 구독 환경에서 수동 확인 필요
2026-08-11T13:38:49+00:00,ROBOT-0046,Yonbo X1,PUBMED,"(Yonbo X1[Title/Abstract]) AND (""social robot""[Title/Abstract] OR ""human-robot interaction""[Title/Abstract] OR pediatric[Title/Abstract] OR child[Title/Abstract] OR clinical[Title/Abstract] OR therapy[Title/Abstract])",https://pubmed.ncbi.nlm.nih.gov/?term=%28Yonbo%20X1%5BTitle/Abstract%5D%29%20AND%20%28%22social%20robot%22%5BTitle/Abstract%5D%20OR%20%22human-robot%20interaction%22%5BTitle/Abstract%5D%20OR%20pediatric%5BTitle/Abstract%5D%20OR%20child%5BTitle/Abstract%5D%20OR%20clinical%5BTitle/Abstract%5D%20OR%20therapy%5BTitle/Abstract%5D%29,,AUTO_FAILED:URLError,
2026-08-11T13:38:49+00:00,ROBOT-0046,Yonbo X1,IEEE_XPLORE,"""Yonbo X1"" AND (""social robot"" OR ""human-robot interaction"" OR pediatric OR child OR clinical OR therapy)",https://ieeexplore.ieee.org/search/searchresult.jsp?queryText=%22Yonbo%20X1%22%20AND%20%28%22social%20robot%22%20OR%20%22human-robot%20interaction%22%20OR%20pediatric%20OR%20child%20OR%20clinical%20OR%20therapy%29,,MANUAL_PENDING,접근 권한/기관 구독 환경에서 수동 확인 필요
2026-08-11T13:38:49+00:00,ROBOT-0046,Yonbo X1,ACM_DL,"""Yonbo X1"" AND (""social robot"" OR ""human-robot interaction"" OR pediatric OR child OR clinical OR therapy)",https://dl.acm.org/action/doSearch?AllField=%22Yonbo%20X1%22%20AND%20%28%22social%20robot%22%20OR%20%22human-robot%20interaction%22%20OR%20pediatric%20OR%20child%20OR%20clinical%20OR%20therapy%29,,MANUAL_PENDING,접근 권한/기관 구독 환경에서 수동 확인 필요
2026-08-11T13:38:49+00:00,ROBOT-0046,Yonbo X1,SCOPUS,"""Yonbo X1"" AND (""social robot"" OR ""human-robot interaction"" OR pediatric OR child OR clinical OR therapy)",https://www.scopus.com/results/results.uri?query=%22Yonbo%20X1%22%20AND%20%28%22social%20robot%22%20OR%20%22human-robot%20interaction%22%20OR%20pediatric%20OR%20child%20OR%20clinical%20OR%20therapy%29,,MANUAL_PENDING,접근 권한/기관 구독 환경에서 수동 확인 필요
2026-08-11T13:38:49+00:00,ROBOT-0047,Mirumi,PUBMED,"(Mirumi[Title/Abstract]) AND (""social robot""[Title/Abstract] OR ""human-robot interaction""[Title/Abstract] OR pediatric[Title/Abstract] OR child[Title/Abstract] OR clinical[Title/Abstract] OR therapy[Title/Abstract])",https://pubmed.ncbi.nlm.nih.gov/?term=%28Mirumi%5BTitle/Abstract%5D%29%20AND%20%28%22social%20robot%22%5BTitle/Abstract%5D%20OR%20%22human-robot%20interaction%22%5BTitle/Abstract%5D%20OR%20pediatric%5BTitle/Abstract%5D%20OR%20child%5BTitle/Abstract%5D%20OR%20clinical%5BTitle/Abstract%5D%20OR%20therapy%5BTitle/Abstract%5D%29,,AUTO_FAILED:URLError,
2026-08-11T13:38:49+00:00,ROBOT-0047,Mirumi,IEEE_XPLORE,"""Mirumi"" AND (""social robot"" OR ""human-robot interaction"" OR pediatric OR child OR clinical OR therapy)",https://ieeexplore.ieee.org/search/searchresult.jsp?queryText=%22Mirumi%22%20AND%20%28%22social%20robot%22%20OR%20%22human-robot%20interaction%22%20OR%20pediatric%20OR%20child%20OR%20clinical%20OR%20therapy%29,,MANUAL_PENDING,접근 권한/기관 구독 환경에서 수동 확인 필요
2026-08-11T13:38:49+00:00,ROBOT-0047,Mirumi,ACM_DL,"""Mirumi"" AND (""social robot"" OR ""human-robot interaction"" OR pediatric OR child OR clinical OR therapy)",https://dl.acm.org/action/doSearch?AllField=%22Mirumi%22%20AND%20%28%22social%20robot%22%20OR%20%22human-robot%20interaction%22%20OR%20pediatric%20OR%20child%20OR%20clinical%20OR%20therapy%29,,MANUAL_PENDING,접근 권한/기관 구독 환경에서 수동 확인 필요
2026-08-11T13:38:49+00:00,ROBOT-0047,Mirumi,SCOPUS,"""Mirumi"" AND (""social robot"" OR ""human-robot interaction"" OR pediatric OR child OR clinical OR therapy)",https://www.scopus.com/results/results.uri?query=%22Mirumi%22%20AND%20%28%22social%20robot%22%20OR%20%22human-robot%20interaction%22%20OR%20pediatric%20OR%20child%20OR%20clinical%20OR%20therapy%29,,MANUAL_PENDING,접근 권한/기관 구독 환경에서 수동 확인 필요
2026-08-11T13:38:49+00:00,ROBOT-0048,M1,PUBMED,"(M1[Title/Abstract]) AND (""social robot""[Title/Abstract] OR ""human-robot interaction""[Title/Abstract] OR pediatric[Title/Abstract] OR child[Title/Abstract] OR clinical[Title/Abstract] OR therapy[Title/Abstract])",https://pubmed.ncbi.nlm.nih.gov/?term=%28M1%5BTitle/Abstract%5D%29%20AND%20%28%22social%20robot%22%5BTitle/Abstract%5D%20OR%20%22human-robot%20interaction%22%5BTitle/Abstract%5D%20OR%20pediatric%5BTitle/Abstract%5D%20OR%20child%5BTitle/Abstract%5D%20OR%20clinical%5BTitle/Abstract%5D%20OR%20therapy%5BTitle/Abstract%5D%29,,AUTO_FAILED:URLError,
2026-08-11T13:38:49+00:00,ROBOT-0048,M1,IEEE_XPLORE,"""M1"" AND (""social robot"" OR ""human-robot interaction"" OR pediatric OR child OR clinical OR therapy)",https://ieeexplore.ieee.org/search/searchresult.jsp?queryText=%22M1%22%20AND%20%28%22social%20robot%22%20OR%20%22human-robot%20interaction%22%20OR%20pediatric%20OR%20child%20OR%20clinical%20OR%20therapy%29,,MANUAL_PENDING,접근 권한/기관 구독 환경에서 수동 확인 필요
2026-08-11T13:38:49+00:00,ROBOT-0048,M1,ACM_DL,"""M1"" AND (""social robot"" OR ""human-robot interaction"" OR pediatric OR child OR clinical OR therapy)",https://dl.acm.org/action/doSearch?AllField=%22M1%22%20AND%20%28%22social%20robot%22%20OR%20%22human-robot%20interaction%22%20OR%20pediatric%20OR%20child%20OR%20clinical%20OR%20therapy%29,,MANUAL_PENDING,접근 권한/기관 구독 환경에서 수동 확인 필요
2026-08-11T13:38:49+00:00,ROBOT-0048,M1,SCOPUS,"""M1"" AND (""social robot"" OR ""human-robot interaction"" OR pediatric OR child OR clinical OR therapy)",https://www.scopus.com/results/results.uri?query=%22M1%22%20AND%20%28%22social%20robot%22%20OR%20%22human-robot%20interaction%22%20OR%20pediatric%20OR%20child%20OR%20clinical%20OR%20therapy%29,,MANUAL_PENDING,접근 권한/기관 구독 환경에서 수동 확인 필요
2026-08-11T13:38:49+00:00,ROBOT-0049,Jibo,PUBMED,"(Jibo[Title/Abstract]) AND (""social robot""[Title/Abstract] OR ""human-robot interaction""[Title/Abstract] OR pediatric[Title/Abstract] OR child[Title/Abstract] OR clinical[Title/Abstract] OR therapy[Title/Abstract])",https://pubmed.ncbi.nlm.nih.gov/?term=%28Jibo%5BTitle/Abstract%5D%29%20AND%20%28%22social%20robot%22%5BTitle/Abstract%5D%20OR%20%22human-robot%20interaction%22%5BTitle/Abstract%5D%20OR%20pediatric%5BTitle/Abstract%5D%20OR%20child%5BTitle/Abstract%5D%20OR%20clinical%5BTitle/Abstract%5D%20OR%20therapy%5BTitle/Abstract%5D%29,,AUTO_FAILED:URLError,
2026-08-11T13:38:49+00:00,ROBOT-0049,Jibo,IEEE_XPLORE,"""Jibo"" AND (""social robot"" OR ""human-robot interaction"" OR pediatric OR child OR clinical OR therapy)",https://ieeexplore.ieee.org/search/searchresult.jsp?queryText=%22Jibo%22%20AND%20%28%22social%20robot%22%20OR%20%22human-robot%20interaction%22%20OR%20pediatric%20OR%20child%20OR%20clinical%20OR%20therapy%29,,MANUAL_PENDING,접근 권한/기관 구독 환경에서 수동 확인 필요
2026-08-11T13:38:49+00:00,ROBOT-0049,Jibo,ACM_DL,"""Jibo"" AND (""social robot"" OR ""human-robot interaction"" OR pediatric OR child OR clinical OR therapy)",https://dl.acm.org/action/doSearch?AllField=%22Jibo%22%20AND%20%28%22social%20robot%22%20OR%20%22human-robot%20interaction%22%20OR%20pediatric%20OR%20child%20OR%20clinical%20OR%20therapy%29,,MANUAL_PENDING,접근 권한/기관 구독 환경에서 수동 확인 필요
2026-08-11T13:38:49+00:00,ROBOT-0049,Jibo,SCOPUS,"""Jibo"" AND (""social robot"" OR ""human-robot interaction"" OR pediatric OR child OR clinical OR therapy)",https://www.scopus.com/results/results.uri?query=%22Jibo%22%20AND%20%28%22social%20robot%22%20OR%20%22human-robot%20interaction%22%20OR%20pediatric%20OR%20child%20OR%20clinical%20OR%20therapy%29,,MANUAL_PENDING,접근 권한/기관 구독 환경에서 수동 확인 필요
2026-08-11T13:38:49+00:00,ROBOT-0050,Keepon,PUBMED,"(Keepon[Title/Abstract]) AND (""social robot""[Title/Abstract] OR ""human-robot interaction""[Title/Abstract] OR pediatric[Title/Abstract] OR child[Title/Abstract] OR clinical[Title/Abstract] OR therapy[Title/Abstract])",https://pubmed.ncbi.nlm.nih.gov/?term=%28Keepon%5BTitle/Abstract%5D%29%20AND%20%28%22social%20robot%22%5BTitle/Abstract%5D%20OR%20%22human-robot%20interaction%22%5BTitle/Abstract%5D%20OR%20pediatric%5BTitle/Abstract%5D%20OR%20child%5BTitle/Abstract%5D%20OR%20clinical%5BTitle/Abstract%5D%20OR%20therapy%5BTitle/Abstract%5D%29,,AUTO_FAILED:URLError,
2026-08-11T13:38:49+00:00,ROBOT-0050,Keepon,IEEE_XPLORE,"""Keepon"" AND (""social robot"" OR ""human-robot interaction"" OR pediatric OR child OR clinical OR therapy)",https://ieeexplore.ieee.org/search/searchresult.jsp?queryText=%22Keepon%22%20AND%20%28%22social%20robot%22%20OR%20%22human-robot%20interaction%22%20OR%20pediatric%20OR%20child%20OR%20clinical%20OR%20therapy%29,,MANUAL_PENDING,접근 권한/기관 구독 환경에서 수동 확인 필요
2026-08-11T13:38:49+00:00,ROBOT-0050,Keepon,ACM_DL,"""Keepon"" AND (""social robot"" OR ""human-robot interaction"" OR pediatric OR child OR clinical OR therapy)",https://dl.acm.org/action/doSearch?AllField=%22Keepon%22%20AND%20%28%22social%20robot%22%20OR%20%22human-robot%20interaction%22%20OR%20pediatric%20OR%20child%20OR%20clinical%20OR%20therapy%29,,MANUAL_PENDING,접근 권한/기관 구독 환경에서 수동 확인 필요
2026-08-11T13:38:49+00:00,ROBOT-0050,Keepon,SCOPUS,"""Keepon"" AND (""social robot"" OR ""human-robot interaction"" OR pediatric OR child OR clinical OR therapy)",https://www.scopus.com/results/results.uri?query=%22Keepon%22%20AND%20%28%22social%20robot%22%20OR%20%22human-robot%20interaction%22%20OR%20pediatric%20OR%20child%20OR%20clinical%20OR%20therapy%29,,MANUAL_PENDING,접근 권한/기관 구독 환경에서 수동 확인 필요
2026-08-11T13:38:49+00:00,ROBOT-0051,Mirokaï,PUBMED,"(Mirokaï[Title/Abstract]) AND (""social robot""[Title/Abstract] OR ""human-robot interaction""[Title/Abstract] OR pediatric[Title/Abstract] OR child[Title/Abstract] OR clinical[Title/Abstract] OR therapy[Title/Abstract])",https://pubmed.ncbi.nlm.nih.gov/?term=%28Miroka%C3%AF%5BTitle/Abstract%5D%29%20AND%20%28%22social%20robot%22%5BTitle/Abstract%5D%20OR%20%22human-robot%20interaction%22%5BTitle/Abstract%5D%20OR%20pediatric%5BTitle/Abstract%5D%20OR%20child%5BTitle/Abstract%5D%20OR%20clinical%5BTitle/Abstract%5D%20OR%20therapy%5BTitle/Abstract%5D%29,,AUTO_FAILED:URLError,
2026-08-11T13:38:49+00:00,ROBOT-0051,Mirokaï,IEEE_XPLORE,"""Mirokaï"" AND (""social robot"" OR ""human-robot interaction"" OR pediatric OR child OR clinical OR therapy)",https://ieeexplore.ieee.org/search/searchresult.jsp?queryText=%22Miroka%C3%AF%22%20AND%20%28%22social%20robot%22%20OR%20%22human-robot%20interaction%22%20OR%20pediatric%20OR%20child%20OR%20clinical%20OR%20therapy%29,,MANUAL_PENDING,접근 권한/기관 구독 환경에서 수동 확인 필요
2026-08-11T13:38:49+00:00,ROBOT-0051,Mirokaï,ACM_DL,"""Mirokaï"" AND (""social robot"" OR ""human-robot interaction"" OR pediatric OR child OR clinical OR therapy)",https://dl.acm.org/action/doSearch?AllField=%22Miroka%C3%AF%22%20AND%20%28%22social%20robot%22%20OR%20%22human-robot%20interaction%22%20OR%20pediatric%20OR%20child%20OR%20clinical%20OR%20therapy%29,,MANUAL_PENDING,접근 권한/기관 구독 환경에서 수동 확인 필요
2026-08-11T13:38:49+00:00,ROBOT-0051,Mirokaï,SCOPUS,"""Mirokaï"" AND (""social robot"" OR ""human-robot interaction"" OR pediatric OR child OR clinical OR therapy)",https://www.scopus.com/results/results.uri?query=%22Miroka%C3%AF%22%20AND%20%28%22social%20robot%22%20OR%20%22human-robot%20interaction%22%20OR%20pediatric%20OR%20child%20OR%20clinical%20OR%20therapy%29,,MANUAL_PENDING,접근 권한/기관 구독 환경에서 수동 확인 필요
2026-08-11T13:38:49+00:00,ROBOT-0052,Nao,PUBMED,"(Nao[Title/Abstract]) AND (""social robot""[Title/Abstract] OR ""human-robot interaction""[Title/Abstract] OR pediatric[Title/Abstract] OR child[Title/Abstract] OR clinical[Title/Abstract] OR therapy[Title/Abstract])",https://pubmed.ncbi.nlm.nih.gov/?term=%28Nao%5BTitle/Abstract%5D%29%20AND%20%28%22social%20robot%22%5BTitle/Abstract%5D%20OR%20%22human-robot%20interaction%22%5BTitle/Abstract%5D%20OR%20pediatric%5BTitle/Abstract%5D%20OR%20child%5BTitle/Abstract%5D%20OR%20clinical%5BTitle/Abstract%5D%20OR%20therapy%5BTitle/Abstract%5D%29,,AUTO_FAILED:URLError,
2026-08-11T13:38:49+00:00,ROBOT-0052,Nao,IEEE_XPLORE,"""Nao"" AND (""social robot"" OR ""human-robot interaction"" OR pediatric OR child OR clinical OR therapy)",https://ieeexplore.ieee.org/search/searchresult.jsp?queryText=%22Nao%22%20AND%20%28%22social%20robot%22%20OR%20%22human-robot%20interaction%22%20OR%20pediatric%20OR%20child%20OR%20clinical%20OR%20therapy%29,,MANUAL_PENDING,접근 권한/기관 구독 환경에서 수동 확인 필요
2026-08-11T13:38:49+00:00,ROBOT-0052,Nao,ACM_DL,"""Nao"" AND (""social robot"" OR ""human-robot interaction"" OR pediatric OR child OR clinical OR therapy)",https://dl.acm.org/action/doSearch?AllField=%22Nao%22%20AND%20%28%22social%20robot%22%20OR%20%22human-robot%20interaction%22%20OR%20pediatric%20OR%20child%20OR%20clinical%20OR%20therapy%29,,MANUAL_PENDING,접근 권한/기관 구독 환경에서 수동 확인 필요
2026-08-11T13:38:49+00:00,ROBOT-0052,Nao,SCOPUS,"""Nao"" AND (""social robot"" OR ""human-robot interaction"" OR pediatric OR child OR clinical OR therapy)",https://www.scopus.com/results/results.uri?query=%22Nao%22%20AND%20%28%22social%20robot%22%20OR%20%22human-robot%20interaction%22%20OR%20pediatric%20OR%20child%20OR%20clinical%20OR%20therapy%29,,MANUAL_PENDING,접근 권한/기관 구독 환경에서 수동 확인 필요
2026-08-11T13:38:49+00:00,ROBOT-0053,Pepper,PUBMED,"(Pepper[Title/Abstract]) AND (""social robot""[Title/Abstract] OR ""human-robot interaction""[Title/Abstract] OR pediatric[Title/Abstract] OR child[Title/Abstract] OR clinical[Title/Abstract] OR therapy[Title/Abstract])",https://pubmed.ncbi.nlm.nih.gov/?term=%28Pepper%5BTitle/Abstract%5D%29%20AND%20%28%22social%20robot%22%5BTitle/Abstract%5D%20OR%20%22human-robot%20interaction%22%5BTitle/Abstract%5D%20OR%20pediatric%5BTitle/Abstract%5D%20OR%20child%5BTitle/Abstract%5D%20OR%20clinical%5BTitle/Abstract%5D%20OR%20therapy%5BTitle/Abstract%5D%29,,AUTO_FAILED:URLError,
2026-08-11T13:38:49+00:00,ROBOT-0053,Pepper,IEEE_XPLORE,"""Pepper"" AND (""social robot"" OR ""human-robot interaction"" OR pediatric OR child OR clinical OR therapy)",https://ieeexplore.ieee.org/search/searchresult.jsp?queryText=%22Pepper%22%20AND%20%28%22social%20robot%22%20OR%20%22human-robot%20interaction%22%20OR%20pediatric%20OR%20child%20OR%20clinical%20OR%20therapy%29,,MANUAL_PENDING,접근 권한/기관 구독 환경에서 수동 확인 필요
2026-08-11T13:38:49+00:00,ROBOT-0053,Pepper,ACM_DL,"""Pepper"" AND (""social robot"" OR ""human-robot interaction"" OR pediatric OR child OR clinical OR therapy)",https://dl.acm.org/action/doSearch?AllField=%22Pepper%22%20AND%20%28%22social%20robot%22%20OR%20%22human-robot%20interaction%22%20OR%20pediatric%20OR%20child%20OR%20clinical%20OR%20therapy%29,,MANUAL_PENDING,접근 권한/기관 구독 환경에서 수동 확인 필요
2026-08-11T13:38:49+00:00,ROBOT-0053,Pepper,SCOPUS,"""Pepper"" AND (""social robot"" OR ""human-robot interaction"" OR pediatric OR child OR clinical OR therapy)",https://www.scopus.com/results/results.uri?query=%22Pepper%22%20AND%20%28%22social%20robot%22%20OR%20%22human-robot%20interaction%22%20OR%20pediatric%20OR%20child%20OR%20clinical%20OR%20therapy%29,,MANUAL_PENDING,접근 권한/기관 구독 환경에서 수동 확인 필요
2026-08-11T13:38:49+00:00,ROBOT-0054,Qoobo,PUBMED,"(Qoobo[Title/Abstract]) AND (""social robot""[Title/Abstract] OR ""human-robot interaction""[Title/Abstract] OR pediatric[Title/Abstract] OR child[Title/Abstract] OR clinical[Title/Abstract] OR therapy[Title/Abstract])",https://pubmed.ncbi.nlm.nih.gov/?term=%28Qoobo%5BTitle/Abstract%5D%29%20AND%20%28%22social%20robot%22%5BTitle/Abstract%5D%20OR%20%22human-robot%20interaction%22%5BTitle/Abstract%5D%20OR%20pediatric%5BTitle/Abstract%5D%20OR%20child%5BTitle/Abstract%5D%20OR%20clinical%5BTitle/Abstract%5D%20OR%20therapy%5BTitle/Abstract%5D%29,,AUTO_FAILED:URLError,
2026-08-11T13:38:49+00:00,ROBOT-0054,Qoobo,IEEE_XPLORE,"""Qoobo"" AND (""social robot"" OR ""human-robot interaction"" OR pediatric OR child OR clinical OR therapy)",https://ieeexplore.ieee.org/search/searchresult.jsp?queryText=%22Qoobo%22%20AND%20%28%22social%20robot%22%20OR%20%22human-robot%20interaction%22%20OR%20pediatric%20OR%20child%20OR%20clinical%20OR%20therapy%29,,MANUAL_PENDING,접근 권한/기관 구독 환경에서 수동 확인 필요
2026-08-11T13:38:49+00:00,ROBOT-0054,Qoobo,ACM_DL,"""Qoobo"" AND (""social robot"" OR ""human-robot interaction"" OR pediatric OR child OR clinical OR therapy)",https://dl.acm.org/action/doSearch?AllField=%22Qoobo%22%20AND%20%28%22social%20robot%22%20OR%20%22human-robot%20interaction%22%20OR%20pediatric%20OR%20child%20OR%20clinical%20OR%20therapy%29,,MANUAL_PENDING,접근 권한/기관 구독 환경에서 수동 확인 필요
2026-08-11T13:38:49+00:00,ROBOT-0054,Qoobo,SCOPUS,"""Qoobo"" AND (""social robot"" OR ""human-robot interaction"" OR pediatric OR child OR clinical OR therapy)",https://www.scopus.com/results/results.uri?query=%22Qoobo%22%20AND%20%28%22social%20robot%22%20OR%20%22human-robot%20interaction%22%20OR%20pediatric%20OR%20child%20OR%20clinical%20OR%20therapy%29,,MANUAL_PENDING,접근 권한/기관 구독 환경에서 수동 확인 필요
2026-08-11T13:38:49+00:00,ROBOT-0055,Vector,PUBMED,"(Vector[Title/Abstract]) AND (""social robot""[Title/Abstract] OR ""human-robot interaction""[Title/Abstract] OR pediatric[Title/Abstract] OR child[Title/Abstract] OR clinical[Title/Abstract] OR therapy[Title/Abstract])",https://pubmed.ncbi.nlm.nih.gov/?term=%28Vector%5BTitle/Abstract%5D%29%20AND%20%28%22social%20robot%22%5BTitle/Abstract%5D%20OR%20%22human-robot%20interaction%22%5BTitle/Abstract%5D%20OR%20pediatric%5BTitle/Abstract%5D%20OR%20child%5BTitle/Abstract%5D%20OR%20clinical%5BTitle/Abstract%5D%20OR%20therapy%5BTitle/Abstract%5D%29,,AUTO_FAILED:URLError,
2026-08-11T13:38:49+00:00,ROBOT-0055,Vector,IEEE_XPLORE,"""Vector"" AND (""social robot"" OR ""human-robot interaction"" OR pediatric OR child OR clinical OR therapy)",https://ieeexplore.ieee.org/search/searchresult.jsp?queryText=%22Vector%22%20AND%20%28%22social%20robot%22%20OR%20%22human-robot%20interaction%22%20OR%20pediatric%20OR%20child%20OR%20clinical%20OR%20therapy%29,,MANUAL_PENDING,접근 권한/기관 구독 환경에서 수동 확인 필요
2026-08-11T13:38:49+00:00,ROBOT-0055,Vector,ACM_DL,"""Vector"" AND (""social robot"" OR ""human-robot interaction"" OR pediatric OR child OR clinical OR therapy)",https://dl.acm.org/action/doSearch?AllField=%22Vector%22%20AND%20%28%22social%20robot%22%20OR%20%22human-robot%20interaction%22%20OR%20pediatric%20OR%20child%20OR%20clinical%20OR%20therapy%29,,MANUAL_PENDING,접근 권한/기관 구독 환경에서 수동 확인 필요
2026-08-11T13:38:49+00:00,ROBOT-0055,Vector,SCOPUS,"""Vector"" AND (""social robot"" OR ""human-robot interaction"" OR pediatric OR child OR clinical OR therapy)",https://www.scopus.com/results/results.uri?query=%22Vector%22%20AND%20%28%22social%20robot%22%20OR%20%22human-robot%20interaction%22%20OR%20pediatric%20OR%20child%20OR%20clinical%20OR%20therapy%29,,MANUAL_PENDING,접근 권한/기관 구독 환경에서 수동 확인 필요
